RT,Best_match_name,All_match_list,Quant_Ion,Relative_Peak_Area,Peak_Height
84.61300000002,Unknown,,44.0,51559382.94412592,9425551.222358704
88.851,Ethylene oxide,"'Ethylene oxide', 0.55, 'Acetaldehyde', 0.54",43.0,2359131.9646946583,539616.9689195156
90.97000000002,Methanethiol,"'Methanethiol', 0.56",47.0,2217056.6964290948,393385.8391234875
94.149,Dimethylamine,"'Ethylene oxide', 0.63, 'Dimethylamine', 0.74, 'Ethylamine', 0.63",45.0,1026864.0713715538,206045.32465277778
98.38699999998,Acetone,"'Acetone', 0.65",43.0,7402592.844068461,1473278.6120052338
102.62599999998,Furan,"'Furan', 0.78",68.0,304752.36429653846,50242.895885640435
106.86400000002,Carbon disulfide,"'Ethylene oxide', 0.62, 'Dimethylamine', 0.61, 'Ethylamine', 0.55, 'Carbon disulfide', 0.66",76.0,12025194.245441636,1856838.0089530945
111.10300000002,Carbon disulfide_analogue,"'Carbon disulfide', 0.53",73.0,566079.1683629667,25203.581380208332
122.75800000001999,Unknown,,43.0,411904.2050333688,86493.45974445343
127.02900000000001,"3-Buten-2-ol, 2-methyl-","'3-Buten-2-ol, 2-methyl-', 0.57",71.0,584146.4934564629,119166.65588593483
148.40200000002,"Butanal, 3-methyl-","'Butanal, 3-methyl-', 0.55",41.0,388206.841560335,86818.48325943947
154.815,"Butanal, 2-methyl-","'2-Propen-1-ol', 0.58, 'Butanal, 2-methyl-', 0.6",41.0,566715.6630665751,70592.06163194444
160.158,"Formic acid, propyl ester","'Formic acid, propyl ester', 0.5",71.0,130489.94528106043,28593.015414237976
165.96599999999998,Unknown,,57.0,3728251.6943536755,955535.2792682648
170.148,"2H-Pyran, 3,4-dihydro-","'1-Penten-3-one', 0.6, '2H-Pyran, 3,4-dihydro-', 0.73, '2-Butenal, 2-methyl-, (E)-', 0.59, '2-Butenal, 2-methyl-', 0.57, '2-Pentenal, (E)-', 0.67, '2-Butenal, 3-methyl-', 0.62",55.0,18135842.20805326,3845761.708705902
178.512,Unknown,,77.0,113975153.3006563,23311330.774169922
205.69399999998,"Cyclopentanone, 2-methyl-","'Cyclopentanone, 2-methyl-', 0.55",98.0,44524.52246068035,11769.856035605073
220.33099999997998,2-Heptene,"'1-Hexene, 4-methyl-', 0.64, '1-Heptene', 0.68, '2-Heptene', 0.68, '3-Heptene', 0.67, 'Cyclohexane, methyl-', 0.56, '1-Butanol, 2-methyl-', 0.57, '1-Pentanol', 0.53, '4-Pentenal, 2-methyl-', 0.6, '3-Hexenal, (Z)-', 0.56, '2-Butenal, 2-ethyl-', 0.58, '3-Hexenal', 0.53, '2-Pentenal, 2-methyl-', 0.6, 'Cyclopentanone, 2-methyl-', 0.62, '2-Hexenal', 0.57, '2-Hexenal, (E)-', 0.59",41.0,4030072.39425619,814416.0692605972
228.69100000001998,"2-Butenal, 3-methyl-","'Cyclohexane', 0.62, 'Thiophene', 0.62, '1-Penten-3-one', 0.62, '2H-Pyran, 3,4-dihydro-', 0.65, '2-Butenal, 2-methyl-, (E)-', 0.77, '2-Butenal, 2-methyl-', 0.75, '2-Pentenal, (E)-', 0.76, '2-Butenal, 3-methyl-', 0.79, 'Cyclopentanone', 0.63",84.0,3391270.4346850314,670072.7567481995
245.39899999997996,"2-Butenal, 3-methyl-_analogue","'2H-Pyran, 3,4-dihydro-', 0.63, '2-Butenal, 2-methyl-, (E)-', 0.54, '2-Butenal, 2-methyl-', 0.52, '2-Pentenal, (E)-', 0.69, '2-Butenal, 3-methyl-', 0.7",83.0,3806142.549577049,676554.4441261292
249.57600000000002,"Propane, 1-(methylthio)-","'Diethyl sulfide', 0.53, 'Propane, 1-(methylthio)-', 0.76, '1-Butanethiol', 0.56",61.0,792139.5902170665,123633.42905151844
262.107,1-Pentanol,"'1-Heptene', 0.57, 'Pentane, 1-methoxy-', 0.51, '1-Butanol, 3-methyl-', 0.78, '1-Butanol, 2-methyl-', 0.56, 'Pentane, 1-chloro-', 0.69, '1-Pentanol', 0.86, '1-Butanol, 3-methyl-, formate', 0.57, 'Formic acid, pentyl ester', 0.68, '1-Hexanol', 0.51",42.0,8261796.268308143,1531447.6584320068
266.28400000002,"3-Hexenal, (Z)-","'1-Heptene', 0.55, '1-Octene', 0.51, '4-Pentenal, 2-methyl-', 0.56, '3-Hexenal, (Z)-', 0.6, '3-Hexenal', 0.52, '2,4-Dimethyl-1-heptene', 0.55, '2-Hexenal', 0.56, '2-Hexenal, (E)-', 0.5, '2-Cyclohexen-1-ol', 0.51, '1-Nonene', 0.54",98.0,27039.887578699803,7071.8148945719
270.46099999998,"2-Penten-1-ol, (Z)-","'1-Penten-3-ol', 0.62, '2-Penten-1-ol, (Z)-', 0.74, '2-Penten-1-ol, (E)-', 0.63",57.0,1368645.4070460894,238600.2949347496
291.34600000002,"1,4-Butanediol","'1-Butanol, 3-methyl-', 0.5, '1-Pentanol', 0.52, '2-Cyclohexen-1-ol', 0.51, '1-Nonene', 0.5, '1,4-Butanediol', 0.52",97.0,123476.1517600343,30161.307364344597
297.61099999998,"Pyrazine, 2,5-dimethyl-","'1,3-Octadiene', 0.54, 'Pyrazine, 2,5-dimethyl-', 0.54",110.0,12527.731316483321,2929.3795038774906
301.788,"2-Butenal, 3-methyl-_analogue","'1-Penten-3-one', 0.5, '2H-Pyran, 3,4-dihydro-', 0.59, '2-Butenal, 2-methyl-, (E)-', 0.61, '2-Butenal, 2-methyl-', 0.59, '2-Pentenal, (E)-', 0.56, '2-Butenal, 3-methyl-', 0.63, 'Cyclopentanone', 0.57, 'Cyclopropane, pentyl-', 0.55, '2-Hydroxy-3-pentanone', 0.51, '1-Nonene', 0.51, '4-Heptenal, (Z)-', 0.54, '4-Heptenal, (E)-', 0.56",84.0,62198.17711356541,13924.949752936755
312.231,Hexanal,"'1-Hexen-3-ol', 0.59, 'Hexanal', 0.76, '3-Hexen-1-ol, (E)-', 0.53, '3-Hexen-1-ol', 0.54, '3-Hexen-1-ol, (Z)-', 0.55, '2-Hexen-1-ol, (E)-', 0.65, '2-Hexen-1-ol, (Z)-', 0.65, '5-Hexen-1-ol', 0.55, 'Cyclohexanol', 0.6",41.0,176989810.7355733,39954038.86437988
345.43399999997996,"4-Heptenal, (E)-_analogue","'Cyclopropane, pentyl-', 0.52, '4-Heptenal, (E)-', 0.53",112.0,4944.8620031924875,1309.6870574057102
362.01100000002003,"Cyclotrisiloxane, hexamethyl-","'Cyclotrisiloxane, hexamethyl-', 0.8",207.0,31273486.70908266,5351991.517700195
410.09200000002,2-Methyl-2-heptene,"'2-Methyl-2-heptene', 0.56, '3-Hexanone, 4-methyl-', 0.5, 'Thiophene, 3,4-dimethyl-', 0.55",112.0,138501.64886856303,15196.72027093172
414.33,"2-Hexenal, (E)-_analogue","'4-Pentenal, 2-methyl-', 0.55, '3-Hexenal, (Z)-', 0.61, '3-Hexenal', 0.56, '2-Hexenal', 0.59, '2-Hexenal, (E)-', 0.62, '2-Cyclohexen-1-ol', 0.62, '1-Nonene', 0.55, '2,4-Hexadien-1-ol', 0.52",83.0,6406837.108619393,822906.1081390381
428.10299999999995,"2(5H)-Furanone, 5,5-dimethyl-","'2(5H)-Furanone, 5,5-dimethyl-', 0.52",43.0,12564430.8683314,2737603.483581543
432.29500000001997,"2-Hexenal, (E)-","'4-Pentenal, 2-methyl-', 0.64, '3-Hexenal, (Z)-', 0.67, '3-Hexenal', 0.66, '2-Hexenal', 0.73, '2-Hexenal, (E)-', 0.74, '2-Cyclohexen-1-ol', 0.6, '1-Nonene', 0.55, '2,4-Hexadien-1-ol', 0.59, '1,6-Octadiene, 5,7-dimethyl-, (R)-', 0.5, '2-Heptenal, (E)-', 0.52",83.0,195906153.73730195,29991769.72680664
440.58400000002,"3-Hexen-1-ol, formate, (Z)-","'Bicyclo[4.1.0]heptane', 0.51, '3-Hexen-1-ol, (E)-', 0.65, '3-Hexen-1-ol', 0.67, '3-Hexen-1-ol, (Z)-', 0.78, '2-Hexen-1-ol, (Z)-', 0.55, '5-Hexen-1-ol', 0.76, 'Cyclohexanol', 0.54, '3-Hexen-1-ol, formate, (Z)-', 0.8",67.0,20789058.29467676,4693777.141159058
450.945,3-Hexenal,"'3-Hexenal, (Z)-', 0.58, '3-Hexenal', 0.65, '2-Hexenal, (E)-', 0.63, '2-Hexen-1-ol, (Z)-', 0.51, '5-Hexen-1-ol', 0.52, '2-Cyclohexen-1-ol', 0.58, '2,4-Hexadien-1-ol', 0.62",60.0,557197.831398142,50287.00212713542
455.08999999998,"4-Heptenal, (Z)-","'Cyclopropane, pentyl-', 0.52, '4-Heptenal, (Z)-', 0.59, '2-Heptenal, (Z)-', 0.53",112.0,23831.92250308186,5671.268367558718
467.52299999999997,Ethylbenzene,"'Ethylbenzene', 0.51",106.0,22415.61957071899,4544.277876898646
471.66799999998,"Butanoic acid, 2-methyl-","'Butanoic acid, 2-methyl-', 0.75",74.0,898106.8873838431,116102.34376358986
477.88500000000005,1-Hexanol,"'2-Pentanol, 3-methyl-', 0.52, '1-Pentanol, 3-methyl-', 0.68, '1-Pentanol, 4-methyl-', 0.69, '1-Hexanol', 0.72, '1-Nonene', 0.55, 'Formic acid, hexyl ester', 0.68",56.0,9260041.237583049,1642664.8590774536
490.31800000002,Butyrolactone,"'Isobutyl acetate', 0.5, '2-Methyl-2-heptene', 0.63, '4-Pentenal, 2-methyl-', 0.57, '3-Hexenal, (Z)-', 0.58, '3-Hexenal', 0.55, 'Cyclopropane, pentyl-', 0.56, '1-Pentanol, 3-methyl-', 0.5, '1-Pentanol, 4-methyl-', 0.53, 'Cyclotrisiloxane, hexamethyl-', 0.57, '2-Hexenal', 0.53, '2-Hexenal, (E)-', 0.52, '3-Hexen-1-ol', 0.5, '3-Hexen-1-ol, (Z)-', 0.5, '1-Hexanol', 0.54, '1-Nonene', 0.61, '4-Heptenal, (Z)-', 0.55, 'Pentanoic acid', 0.57, 'Formic acid, hexyl ester', 0.52, 'Butyrolactone', 0.63, '2,4-Hexadien-1-ol', 0.56, '1,6-Octadiene, 5,7-dimethyl-, (R)-', 0.52, 'Disulfide, methyl 1-propenyl', 0.53, 'Cyclooctane', 0.52, '2-Heptenal, (Z)-', 0.58, '2-Heptenal, (E)-', 0.58",43.0,159215.18134944275,45159.84570406999
504.82399999998006,"4-Heptenal, (E)-","'2-Methyl-2-heptene', 0.52, '3-Hexenal, (Z)-', 0.5, 'Cyclotrisiloxane, hexamethyl-', 0.51, '3-Hexen-1-ol', 0.54, '3-Hexen-1-ol, (Z)-', 0.54, '1-Nonene', 0.53, '4-Heptenal, (Z)-', 0.53, '4-Heptenal, (E)-', 0.6, '2,4-Hexadien-1-ol', 0.53, '2-Heptenal, (Z)-', 0.54, '2-Heptenal, (E)-', 0.53",68.0,28382.033632805716,7121.716924241777
529.6900000000201,"Cyclotrisiloxane, hexamethyl-_analogue","'S-Methyl propanethioate', 0.59, '3-Hexenal, (Z)-', 0.53, '3-Pentanol, 2,4-dimethyl-', 0.52, 'Cyclotrisiloxane, hexamethyl-', 0.67, '2-Hexenal, (E)-', 0.52, 'Butanoic acid, 3-hydroxy-3-methyl-, methyl ester', 0.51, '4-Heptenal, (Z)-', 0.52, 'Pentanoic acid', 0.53, '2,4-Hexadien-1-ol', 0.58, 'Disulfide, methyl 1-propenyl', 0.6, 'Bicyclo[3.1.0]hex-2-ene, 2-methyl-5-(1-methylethyl)-', 0.51, '3-Mercapto-3-methylbutanol', 0.51, 'Butanoic acid, 2-hydroxy-3-methyl-, ethyl ester', 0.52, 'Cyclotetrasiloxane, octamethyl-', 0.52",75.0,10752.65332130733,2830.010210737586
533.835,2-n-Butyl furan,"'2-n-Butyl furan', 0.61",81.0,98220.36868621064,25436.376770853996
560.59999999998,1-Nonene,"'1-Nonene', 0.55, '2-Acetyl-1-pyrroline', 0.52, 'R(-)3,7-Dimethyl-1,6-octadiene', 0.55, '2-Heptenal, (E)-', 0.5, '2(5H)-Furanone, 5-ethyl-', 0.5",82.0,27724.821537838885,6290.065141348659
564.876,Heptanal,"'Heptanal', 0.85, '2-Hepten-1-ol, (E)-', 0.61",43.0,1817250.1484786125,190387.46921157837
573.4270000000199,S-Methyl propanethioate,"'S-Methyl propanethioate', 0.63, 'Styrene', 0.51",104.0,168787.13926558325,14503.314243662495
575.565,"1,4-Butanediamine","'2-Buten-1-ol, 2-methyl-', 0.51, '2-Hexen-1-ol, (E)-', 0.54, '2-Hexen-1-ol, (Z)-', 0.5, '1-Nonene', 0.53, '1,4-Butanediol', 0.53, '1,4-Butanediamine', 0.59, 'Heptanal', 0.53, '2,4-Hexadien-1-ol', 0.52, 'Hexanal, 2-ethyl-', 0.57, '2-Heptenal, (Z)-', 0.53, '2-Heptenal, (E)-', 0.58, '3-Mercapto-3-methylbutanol', 0.53, '2-Hepten-1-ol, (E)-', 0.52, 'Decane', 0.5",71.0,287479.4826442807,37882.177953243256
609.59599999998,"Pentane, 1-iodo-","'Pentane, 1-iodo-', 0.64",113.0,26732.447196522386,5048.045533776283
620.0410000000201,Unknown,,133.0,95278680.37111913,10860355.431915283
651.375,"1,6-Octadiene, 3,7-dimethyl-","'1,3-Octadiene', 0.52, 'R(-)3,7-Dimethyl-1,6-octadiene', 0.57, '1,6-Octadiene, 3,7-dimethyl-', 0.66, '2H-Pyran, 2-ethenyltetrahydro-2,6,6-trimethyl-', 0.54, 'Furan, 2-pentyl-', 0.59, 'Cyclotetrasiloxane, octamethyl-', 0.61, '2,4-Heptadienal, (E,E)-', 0.56, '3-Octen-1-ol, (Z)-', 0.52",110.0,21427.00383313189,3744.153432264924
674.08600000002,"Benzene, 1-methoxy-2-methyl-","'Methyl isopropyl disulphide', 0.51, '2H-Pyran, 2-ethenyltetrahydro-2,6,6-trimethyl-', 0.52, 'Pyrazine, 2-ethyl-6-methyl-', 0.52, 'Pyrazine, 2-ethyl-3-methyl-', 0.5, 'Pyrazine, trimethyl-', 0.52, 'Benzene, 1-methoxy-2-methyl-', 0.54",122.0,168437.96471455897,19262.806494235992
714.54499999998,Octanal_analogue,"'3-Hexen-1-ol, (Z)-', 0.55, '2-Butenoic acid, 2-methyl-, (Z)-', 0.53, '2,4-Hexadien-1-ol', 0.52, 'Octanal', 0.57, '2-Hexen-1-ol, acetate, (E)-', 0.56, '2-Hexen-1-ol, acetate', 0.54",100.0,96462.86555760288,12129.796096086502
725.18599999998,"1-Butanol, 2-methyl-, acetate","'1-Butanol, 2-methyl-, acetate', 0.59, 'Butanoic acid, propyl ester', 0.5, '2-Heptanol', 0.57, 'Pentanoic acid, 4-methyl-', 0.51, 'Butanoic acid, 2-methylpropyl ester', 0.52, '1,3,5-Cycloheptatriene, 3,7,7-trimethyl-', 0.51, '3-Octanol', 0.57, 'Acetic acid, hexyl ester', 0.56, 'Propanoic acid, 2-methyl-, 2-methylbutyl ester', 0.5, 'Butanoic acid, 2-methylbutyl ester', 0.51, '2-Octenal, (E)-', 0.56, '4-Nonanol', 0.52",101.0,20150.771110937403,2594.841480600399
728.37799999998,3-Octanol,"'Butane, 1-(1-ethoxyethoxy)-', 0.5, '1-Butanol, 2-methyl-, acetate', 0.56, 'Butanoic acid, propyl ester', 0.52, '2-Heptanol', 0.59, 'Pentanoic acid, 4-methyl-', 0.52, 'Butanoic acid, 2-methylpropyl ester', 0.54, '3-Octanol', 0.61, 'Acetic acid, hexyl ester', 0.54, 'Butanoic acid, 2-methylbutyl ester', 0.51, '2-Octenal, (E)-', 0.56, '4-Nonanol', 0.52",101.0,11659.58580729657,2021.487880492095
736.8910000000201,Unknown,,43.0,247281.46540249715,139981.51991464288
744.72499999998,"2-Heptenal, (E)-","'2-Hexenal', 0.52, '2-Hexenal, (E)-', 0.55, '4-Heptenal, (Z)-', 0.58, '4-Heptenal, (E)-', 0.54, '2,4-Hexadien-1-ol', 0.5, '1,6-Octadiene, 5,7-dimethyl-, (R)-', 0.53, '2-Heptenal, (Z)-', 0.73, '2-Heptenal, (E)-', 0.75, '3-Ethylcyclopentanone', 0.52, '2(5H)-Furanone, 5-ethyl-', 0.52, '1-Decene', 0.57, '3-Ethyl-4-methylpentan-1-ol', 0.51, 'Cyclohexane, butyl-', 0.64, 'Cyclohexanone, 2,2,6-trimethyl-', 0.57, '2-Octenal, (E)-', 0.58, '4-Undecene, (E)-', 0.52",83.0,15403632.274882618,2794490.3461914062
757.242,Benzaldehyde,"'Benzene, (1-methylethyl)-', 0.58, 'Benzene, 1-ethyl-4-methyl-', 0.5, 'Benzene, 1-ethyl-3-methyl-', 0.51, 'Benzaldehyde', 0.84, 'Benzene, 1-ethyl-2-methyl-', 0.51",105.0,15793933.890189765,1757723.458328247
771.84499999998,1-Octen-3-one_analogue,"'1-Octen-3-one', 0.54",126.0,10609.279897811472,2088.4184035509825
784.362,"Cyclotetrasiloxane, octamethyl-_analogue","'Cyclotetrasiloxane, octamethyl-', 0.76",193.0,15282791.178272167,2464739.78225708
828.17899999998,1-Octen-3-one,"'1-Hepten-3-one', 0.6, '1-Heptanol', 0.57, '1-Octen-3-one', 0.8, '1-Hexanol, 2-ethyl-', 0.51, '4-Undecene, (E)-', 0.52",70.0,20260825.34171237,2335287.0600585938
831.37399999998,"Butanoic acid, 3-hydroxy-3-methyl-, methyl ester","'Butanoic acid, 3-hydroxy-3-methyl-, methyl ester', 0.52",118.0,34503.40483692783,5165.28434464058
838.827,1-Octen-3-ol,"'Cyclohexanol', 0.5, '1-Octen-3-ol', 0.78, '2-Hexen-1-ol, acetate, (E)-', 0.54, '2-Hexen-1-ol, acetate', 0.53, '1-Nonen-3-ol', 0.57",43.0,1506137.3141031219,162291.44471740723
856.9270000000199,"Octane, 2,7-dimethyl-","'(E)-Allyl(prop-1-en-1-yl)sulfane', 0.55, '2-Heptanone', 0.5, '2,5-Hexanedione', 0.58, 'Hexanoic acid, methyl ester', 0.61, 'Octane, 2,7-dimethyl-', 0.65, '2(3H)-Furanone, dihydro-5-methyl-', 0.57, 'Octane, 2,4,6-trimethyl-', 0.6, 'Nonane, 2-methyl-', 0.57, 'Pentanoic acid, 4-methyl-, ethyl ester', 0.57, '1-Octen-3-ol', 0.55, '2,3-Octanedione', 0.6, 'Decane', 0.57, '2-Hexen-1-ol, acetate, (Z)-', 0.56, '2-Hexen-1-ol, acetate, (E)-', 0.61, 'Nonane, 2,5-dimethyl-', 0.56, '2-Acetylthiazole', 0.5, '2-Hexen-1-ol, acetate', 0.56, '2-Hexenoic acid, ethyl ester', 0.53, '3(2H)-Furanone, 4-methoxy-2,5-dimethyl-', 0.61, 'Hexanethioic acid, S-methyl ester', 0.55, 'Decane, 2,6,8-trimethyl-', 0.58",99.0,1538211.6703581829,120421.25804901123
861.1859999999999,"5-Hepten-2-one, 6-methyl-","'5-Hepten-2-one, 6-methyl-', 0.69",43.0,76794141.03503199,9238321.188262923
871.8389999999999,"Furan, 2-pentyl-","'2-n-Butyl furan', 0.59, '2,4-Hexadienal, (E,E)-', 0.57, '1,6-Octadiene, 3,7-dimethyl-', 0.54, 'Furan, 2-pentyl-', 0.8, 'Cyclohexene, 1-methyl-4-(1-methylethyl)-', 0.52",81.0,17201473.024299335,2191643.253540039
892.0900000000199,"1-Propanone, 1-(2-furanyl)-","'Ethanone, 1-(2-furanyl)-', 0.62, '5-Hepten-2-ol, 6-methyl-', 0.72, '6-Hepten-1-ol, 2-methyl-', 0.7, '2-Furanmethanethiol, 5-methyl-', 0.56, '1-Propanone, 1-(2-furanyl)-', 0.74, 'Cyclohexanol, 2,4-dimethyl-', 0.59",95.0,2815214.1866804995,276766.3243484497
904.27999999998,2(5H)-Furanone,"'2(5H)-Furanone', 0.54, '1,5-Heptadien-4-one, 3,3,6-trimethyl-', 0.52",55.0,172236.72311641142,37486.60900115967
910.539,trans-2-(2-Pentenyl)furan,"'cis-2-(2-Pentenyl)furan', 0.5, 'trans-2-(2-Pentenyl)furan', 0.53",81.0,1572233.7121270758,198219.6084575653
918.885,Octanal,"'1-Octen-3-ol', 0.58, 'Octanal', 0.77, 'Cyclohexanol, 2,4-dimethyl-', 0.65, '3-Octen-1-ol, (Z)-', 0.53, '2-Octen-1-ol, (E)-', 0.63, '2-Octen-1-ol, (Z)-', 0.52, '5-Octen-1-ol, (Z)-', 0.54, '1-Nonen-3-ol', 0.52",41.0,1894093.1958417858,310254.52305984497
925.14400000002,"5-Octen-1-ol, (Z)-","'3-Mercapto-3-methylbutanol', 0.51, 'Octanal', 0.56, '2-Octenal, (E)-', 0.5, '2-Octen-1-ol, (E)-', 0.57, '2-Octen-1-ol, (Z)-', 0.55, '5-Octen-1-ol, (Z)-', 0.58",87.0,243991.5389567417,28729.32009718702
933.4889999999999,"Cyclotetrasiloxane, octamethyl-","'Cyclotetrasiloxane, octamethyl-', 0.93",281.0,2888691.546949552,440776.67150878906
954.3529999999799,Maltol_analogue,"'Dimethyl trisulfide', 0.53, 'Thiazole, 4-methyl-2-(1-methylethyl)-', 0.55, 'Thiazole, 5-ethyl-2,4-dimethyl-', 0.54, 'Maltol', 0.63, '5-Methyl-2-thiophenecarboxaldehyde', 0.62, '3-Methyl-2-thiophenecarboxaldehyde', 0.6",55.0,866019.6481649888,75908.44357638889
983.5129999999799,"Benzene, 1-ethyl-3,5-dimethyl-","'1,3,5-Cycloheptatriene, 3,7,7-trimethyl-', 0.53, 'o-Cymene', 0.6, 'Benzene, 1-methyl-3-(1-methylethyl)-', 0.66, 'p-Cymene', 0.56, 'Benzene, 1,3-diethyl-', 0.68, 'Benzene, 1,4-diethyl-', 0.68, 'Benzene, 1,2-diethyl-', 0.6, 'Benzene, 1-ethyl-3,5-dimethyl-', 0.69, 'Benzene, 2-ethyl-1,4-dimethyl-', 0.55, 'Benzene, 2-ethyl-1,3-dimethyl-', 0.65, 'Benzene, 1,2,4,5-tetramethyl-', 0.63, 'Benzene, 1,2,3,5-tetramethyl-', 0.64, '1,3,8-p-Menthatriene', 0.56, '2,6-Dimethyl-1,3,5,7-octatetraene, E,E-', 0.5, 'Benzene, 1,2,3,4-tetramethyl-', 0.59, '5H-5-Methyl-6,7-dihydrocyclopentapyrazine', 0.62",119.0,95753.43909245278,18148.559598445892
989.74900000002,p-Cymene,"'Bicyclo[3.1.0]hex-2-ene, 4-methylene-1-(1-methylethyl)-', 0.56, '1,3,5-Cycloheptatriene, 3,7,7-trimethyl-', 0.8, 'o-Cymene', 0.8, 'Benzene, 1-methyl-3-(1-methylethyl)-', 0.79, 'p-Cymene', 0.81, 'Benzene, 1,3-diethyl-', 0.72, 'Benzene, 1,4-diethyl-', 0.73, 'Benzene, 1,2-diethyl-', 0.73, 'Benzene, 1-ethyl-3,5-dimethyl-', 0.76, 'Benzene, 2-ethyl-1,4-dimethyl-', 0.76, 'Benzene, 2-ethyl-1,3-dimethyl-', 0.73, 'p-Mentha-1,5,8-triene', 0.53, 'Benzene, 1,2,4,5-tetramethyl-', 0.66, 'Benzene, 1,2,3,5-tetramethyl-', 0.66, '1,3,8-p-Menthatriene', 0.65, '2,6-Dimethyl-1,3,5,7-octatetraene, E,E-', 0.62, 'Benzene, 1,2,3,4-tetramethyl-', 0.63, '5H-5-Methyl-6,7-dihydrocyclopentapyrazine', 0.57",119.0,114712.63732473136,18148.559598445892
1000.14199999998,(+)-4-Carene,"'Bicyclo[2.2.1]hept-2-ene, 1,7,7-trimethyl-', 0.53, 'Tricyclo[2.2.1.0(2,6)]heptane, 1,7,7-trimethyl-', 0.54, '(1R)-2,6,6-Trimethylbicyclo[3.1.1]hept-2-ene', 0.52, '(1S)-2,6,6-Trimethylbicyclo[3.1.1]hept-2-ene', 0.53, 'Bicyclo[2.2.1]heptane, 7,7-dimethyl-2-methylene-', 0.52, 'Camphene', 0.53, 'Bicyclo[3.1.0]hex-2-ene, 4-methyl-1-(1-methylethyl)-', 0.56, 'Bicyclo[3.1.0]hexane, 4-methylene-1-(1-methylethyl)-', 0.59, 'beta-Pinene', 0.54, '2-Carene', 0.63, 'Cyclohexane, 1-methylene-4-(1-methylethenyl)-', 0.51, '(+)-4-Carene', 0.65, '3-Carene', 0.59, '1,3-Cyclohexadiene, 1-methyl-4-(1-methylethyl)-', 0.65, 'Ethyl n-propyl disulfide', 0.52, 'Cyclohexene, 1-methyl-5-(1-methylethenyl)-, (R)-', 0.52, 'Cyclohexene, 4-methylene-1-(1-methylethyl)-', 0.63, 'beta-Phellandrene', 0.59, '1,3,6-Octatriene, 3,7-dimethyl-, (Z)-', 0.51, '1,3,7-Octatriene, 3,7-dimethyl-', 0.53, 'gamma-Terpinene', 0.58, 'Acetic acid, phenyl ester', 0.61, 'Cyclohexene, 3-methyl-6-(1-methylethylidene)-', 0.55, '2,3-Diethylpyrazine', 0.56, 'Cyclohexene, 1-methyl-4-(1-methylethylidene)-', 0.54, 'Pyrazine, 2,5-diethyl-', 0.59, 'Bicyclo[3.1.0]hex-3-en-2-one, 5-(1-methylethyl)-', 0.58, '2,4,6-Octatriene, 3,4-dimethyl-', 0.57, '2,4,6-Octatriene, 2,6-dimethyl-, (E,Z)-', 0.57, '2,4,6-Octatriene, 2,6-dimethyl-', 0.54, 'Ethanone, 1-(2-hydroxyphenyl)-', 0.59",94.0,48091.818221470436,11541.6552734375
1016.77099999998,"1,3-Hexadiene, 3-ethyl-2-methyl-","'1-Propanone, 1-(2-furanyl)-', 0.53, '1,3-Hexadiene, 3-ethyl-2-methyl-', 0.74, '2-Decyne', 0.61, '3,5-Octadien-2-one, (E,E)-', 0.71, '3,5-Octadien-2-one', 0.64",67.0,1106699.8899204608,195612.96294784546
1023.0070000000201,Unknown,,126.0,1290885.9317732598,326614.07849502563
1027.1620000000198,2-Isobutylthiazole,"'3-Octanone', 0.54, '2-Isobutylthiazole', 0.68",99.0,24390889.9505862,4043801.1909281905
1052.037,"Aniline, N-methyl-","'Pyridine, 2-ethyl-', 0.57, 'Pyridine, 2,5-dimethyl-', 0.63, 'cis-2-(2-Pentenyl)furan', 0.63, 'trans-2-(2-Pentenyl)furan', 0.65, 'Aniline, N-methyl-', 0.75, 'Phenol, 3-methyl-', 0.55, 'p-Cresol', 0.59, 'Formic acid, phenylmethyl ester', 0.59",107.0,648871.7950337634,119238.24072265625
1056.183,Unknown,,93.0,32418.96600886115,7955.1522006988525
1060.329,"2-Furancarboxaldehyde, 5-methyl-","'Thiophene, 2-ethenyl-', 0.52, '2-Furancarboxaldehyde, 5-methyl-', 0.63, 'Benzenethiol', 0.54, 'Ethanone, 1-(1H-pyrrol-2-yl)-', 0.54",109.0,45530.323106640026,10077.687576532364
1066.548,Benzeneacetaldehyde_analogue,"'Benzeneacetaldehyde', 0.55",92.0,64123354.51970879,9045564.305786133
1074.8400000000001,Phenol,"'Phenol', 0.53, 'Cyclotetrasiloxane, octamethyl-', 0.52",95.0,76949.64510040969,16400.55125784874
1078.986,Benzeneacetaldehyde,"'Disulfide, methyl 1-propenyl', 0.52, 'Benzene, propyl-', 0.5, 'Benzeneacetaldehyde', 0.65, 'Phenylethyl Alcohol', 0.51, 'Propanoic acid, 3-(methylthio)-', 0.56",91.0,36966255.591259606,3438184.450439453
1084.28800000002,Benzeneacetaldehyde_analogue,"'Benzene, propyl-', 0.51, 'Pyrazine, 2-ethenyl-6-methyl-', 0.55, 'Benzeneacetaldehyde', 0.6, 'Propanoic acid, 3-(methylthio)-', 0.52, 'Benzeneacetic acid, methyl ester', 0.51",121.0,51584.700241895145,7330.309581518173
1093.8319999999799,"2-Octenal, (E)-_analogue","'1-Hexanol, 2-ethyl-', 0.51, 'Cyclohexane, butyl-', 0.59, '2-Octenal, (E)-', 0.63, '1,5-Heptadien-4-one, 3,3,6-trimethyl-', 0.51, '1-Octanol', 0.52, 'Formic acid, octyl ester', 0.56",83.0,1913003.5420708633,202971.84742736816
1111.8589999999801,"Cyclotetrasiloxane, octamethyl-_analogue","'Cyclotetrasiloxane, octamethyl-', 0.64, '1-Propanone, 1-(2-furanyl)-', 0.63, '3(2H)-Furanone, 4-methoxy-2,5-dimethyl-', 0.59, 'Pyrazine, 2-methoxy-3-(1-methylethyl)-', 0.51, '4-Octenoic acid, methyl ester', 0.54, '7-Octenoic acid, ethyl ester', 0.51",125.0,51464.469408964214,6190.969235420227
1116.09700000002,Unknown,,69.0,968051.6943721536,109848.83149337769
1118.21599999998,"5-Heptenal, 2,6-dimethyl-","'3-Hexen-1-ol, acetate, (E)-', 0.5, '4-Hexen-1-ol, acetate', 0.51, '5-Heptenal, 2,6-dimethyl-', 0.54, '3-Methyl-2-(2-methyl-2-butenyl)-furan', 0.51, 'Pyrazine, 2-methoxy-3-(1-methylethyl)-', 0.53, '(3Z,5E)-1,3,5-Undecatriene', 0.5",82.0,240672.60019452023,28086.886137008667
1120.3349999999998,3-Ethyl-4-methylpentan-1-ol,"'Benzene, propyl-', 0.51, '3-Mercapto-3-methylbutanol', 0.54, 'Acetic acid, hexyl ester', 0.53, '4-Hexen-1-ol, acetate', 0.53, '3-Ethyl-4-methylpentan-1-ol', 0.63, 'Benzeneacetaldehyde', 0.52, '4-Octenoic acid, methyl ester', 0.53",87.0,12266.145116650914,2218.933222523645
1128.8119999999801,"4-Hexen-1-ol, acetate","'3-Hexen-1-ol, formate, (Z)-', 0.56, '3-Hexen-1-ol, acetate, (Z)-', 0.66, '3-Hexen-1-ol, acetate, (E)-', 0.66, '(2R,5S)-2-Methyl-5-(prop-1-en-2-yl)-2-vinyltetrahydrofuran', 0.54, '2-Hexen-1-ol, acetate, (E)-', 0.53, '4-Hexen-1-ol, acetate', 0.72, 'Acetic acid, cyclohexyl ester', 0.54, '5-Heptenal, 2,6-dimethyl-', 0.66, '3-Octen-1-ol, (Z)-', 0.52, '2-Cyclohexen-1-one, 4,4-dimethyl-', 0.53, 'Bicyclo[3.1.0]hexan-3-one, 4-methyl-1-(1-methylethyl)-, [1S-(1alpha,4beta,5alpha)]-', 0.5",82.0,1026185.7232052153,382932.0709216907
1134.10900000002,"2-Octenal, (E)-","'Cyclooctane', 0.52, '2-Heptenal, (Z)-', 0.52, '2-Heptenal, (E)-', 0.51, '1-Decene', 0.61, '2-Octanol', 0.53, '1-Hexanol, 2-ethyl-', 0.68, 'Cyclohexane, butyl-', 0.53, '2-Cyclopenten-1-one, 2-hydroxy-3-methyl-', 0.52, '1,2-Cyclopentanedione, 3-methyl-', 0.51, '2-Octenal, (E)-', 0.77, '1-Octanol', 0.52, '1-Undecene', 0.53, '6-Nonenal, (Z)-', 0.53, '2-Nonanol', 0.52, 'Formic acid, octyl ester', 0.58, '3-Octanol, acetate', 0.59, 'Acetic acid, 2-ethylhexyl ester', 0.57, '2-Nonenal, (Z)-', 0.63, '2-Nonenal', 0.6, '2-Nonenal, (E)-', 0.63, '1-Nonanol', 0.55, '1-Dodecene', 0.51",83.0,18386811.156170264,1817341.4573364258
1151.56900000002,Unknown,,57.0,71921.54411675283,20003.51468303831
1166.0749999999798,"2-Nonanone, 3-(hydroxymethyl)-","'Decane', 0.52, '2-Hexen-1-ol, acetate, (E)-', 0.5, '2-Nonanone, 3-(hydroxymethyl)-', 0.63",142.0,12993.263579995883,1902.0273644328117
1182.65299999998,"Benzene, n-butyl-","'Benzene, n-butyl-', 0.51, '3-Methyl-2-(2-methyl-2-butenyl)-furan', 0.5",109.0,51500.02109424336,7715.551920572917
1186.79800000002,"2-Furanmethanol, 5-ethenyltetrahydro-alpha,alpha,5-trimethyl-, cis-","'cis-Linaloloxide', 0.55, '2-Furanmethanol, 5-ethenyltetrahydro-alpha,alpha,5-trimethyl-, cis-', 0.55, 'trans-Linalool oxide (furanoid)', 0.54, 'Ethyl 2-(5-methyl-5-vinyltetrahydrofuran-2-yl)propan-2-yl carbonate', 0.54",93.0,190344.0409466103,36010.04389858246
1195.098,"1,7-Octadien-3-one, 2-methyl-6-methylene-","'Cyclotetrasiloxane, octamethyl-', 0.51, '1,7-Octadien-3-one, 2-methyl-6-methylene-', 0.61",135.0,4585.460161480118,1053.1923010533114
1215.87400000002,Unknown,,99.0,206767.3240525803,23970.70700764656
1222.107,"1,3-Butanediol, diacetate","'Cyclotetrasiloxane, octamethyl-', 0.53, '1,3-Butanediol, diacetate', 0.57",73.0,18342.399261778657,4600.280759215355
1228.33900000002,"Benzene, 1-methyl-3-(1-methylethenyl)-","'Benzene, 1-methyl-3-(1-methylethenyl)-', 0.75, 'Benzene, 1-methyl-4-(1-methylethenyl)-', 0.71",132.0,19414.278172683677,3123.5551228523254
1244.95999999998,"Cyclohexene, 4-methyl-1-(1-methylethenyl)-","'(+)-4-Carene', 0.51, 'Cyclohexene, 4-methyl-1-(1-methylethenyl)-', 0.54, 'Cyclohexene, 3-methyl-6-(1-methylethylidene)-', 0.52, '2,4,6-Octatriene, 2,6-dimethyl-', 0.51, 'Ethanone, 1-(2-hydroxyphenyl)-', 0.5",93.0,33827.29417365501,7170.091793079595
1251.22300000002,"p-Mentha-1(7),2-dien-8-ol","'cis-Linaloloxide', 0.61, '(Z,Z)-3,6-Nonadienal', 0.5, '1,7-Octadien-3-one, 2-methyl-6-methylene-', 0.5, 'Bicyclo[3.1.1]heptan-3-ol, 6,6-dimethyl-2-methylene-', 0.53, 'Bicyclo[3.1.1]heptan-3-ol, 6,6-dimethyl-2-methylene-, [1S-(1alpha,3alpha,5alpha)]-', 0.52, 'Geijerene', 0.61, 'Lilac aldehyde A', 0.54, 'Lilac aldehyde B', 0.51, 'p-Mentha-1(7),2-dien-8-ol', 0.65, 'p-Mentha-1,5-dien-8-ol', 0.54, 'Isopinocarveol', 0.54, '3-Vinyl-1,2-dithiacyclohex-4-ene', 0.52",93.0,53077.202460556626,11219.55437707901
1255.41799999998,"Benzene, 1-methyl-3-(1-methylethenyl)-_analogue","'Benzene, 1-methyl-3-(1-methylethenyl)-', 0.62, 'Benzene, 1-methyl-4-(1-methylethenyl)-', 0.6",99.0,263539.83026002976,27395.62417125702
1278.49000000002,"Carbonotrithioic acid, dimethyl ester","'Carbonotrithioic acid, dimethyl ester', 0.56",139.0,8458.457989736049,1637.2406077384949
1288.97800000002,"Butanoic acid, 2-methylbutyl ester","'Butanoic acid, 2-methylbutyl ester', 0.58, '1,5,7-Octatrien-3-ol, 3,7-dimethyl-', 0.55",71.0,2843851.3319994425,462820.6460800171
1295.26999999998,"Cyclotetrasiloxane, octamethyl-_analogue","'Cyclotetrasiloxane, octamethyl-', 0.53",97.0,2072618.325049146,378469.2324523926
1299.465,"(E)-4,8-Dimethylnona-1,3,7-triene","'(E)-4,8-Dimethylnona-1,3,7-triene', 0.53, '1,7-Octadien-3-one, 2-methyl-6-methylene-', 0.52",150.0,21515.311404485306,3187.27014786005
1307.8039999999799,Linalool,"'Bicyclo[3.1.0]hexan-2-ol, 2-methyl-5-(1-methylethyl)-, (1alpha,2beta,5alpha)-', 0.54, 'Bicyclo[3.1.0]hexan-2-ol, 2-methyl-5-(1-methylethyl)-, (1alpha,2alpha,5alpha)-', 0.51, '5-Isopropyl-2-methylbicyclo[3.1.0]hexan-2-ol #', 0.54, '1,7-Octadien-3-ol, 2,6-dimethyl-', 0.53, 'Linalool', 0.79, 'Bicyclo[3.1.0]hexan-3-ol, 4-methyl-1-(1-methylethyl)-', 0.52, '1,6-Octadien-3-ol, 3,7-dimethyl-, formate', 0.53",71.0,949373.3900324202,181434.9915008545
1322.30800000002,"Cyclohexanol, 2,4-dimethyl-","'Cyclohexanol, 2,4-dimethyl-', 0.65, '2-Heptanone, 4,6-dimethyl-', 0.54, '3-Octen-1-ol, (Z)-', 0.51, '3-Octen-1-ol, (E)-', 0.57, '2-Octen-1-ol, (E)-', 0.61, '2-Octen-1-ol, (Z)-', 0.57, '5-Octen-1-ol, (Z)-', 0.53, '1-Nonen-3-ol', 0.57, 'Bicyclo[2.2.1]heptan-2-one, 3,3-dimethyl-', 0.53, 'Bicyclo[7.1.0]decane', 0.55, '(Z,Z)-3,6-Nonadienal', 0.52, 'Decane, 2,6,8-trimethyl-', 0.56, 'Butanoic acid, 2-methyl-, 2-methylbutyl ester', 0.52, 'Butanoic acid, 3-methyl-, 2-methylbutyl ester', 0.51, 'Butanoic acid, 3-methyl-, 3-methyl-3-butenyl ester', 0.54, '3-Methylbut-2-en-1-yl pivalate', 0.54, '2-Nonenal, (Z)-', 0.52, 'Decanal', 0.51",85.0,183325.24382950127,25652.27501153946
1326.45199999998,Nonanal,"'Cyclohexanol, 2,4-dimethyl-', 0.53, '3-Octen-1-ol, (Z)-', 0.51, '3-Octen-1-ol, (E)-', 0.57, '2-Octen-1-ol, (E)-', 0.53, '1-Nonen-3-ol', 0.56, 'Bicyclo[7.1.0]decane', 0.61, 'Nonanal', 0.72, '2-Nonenal, (Z)-', 0.51, 'Cyclooctyl alcohol', 0.52, '3-Nonen-1-ol, (Z)-', 0.67, '(6Z)-Nonen-1-ol', 0.56, '2-Nonen-1-ol, (E)-', 0.71, 'Decanal', 0.54, '3-Decen-1-ol, (Z)-', 0.55",41.0,3284840.761405226,551907.1471405029
1347.315,cis-Arbusculone,"'cis-Arbusculone', 0.56, '1,7-Octadien-3-ol, 2,6-dimethyl-', 0.52, 'Lilac aldehyde A', 0.56, 'Lilac aldehyde B', 0.53, 'Lilac aldehyde D', 0.52, 'Lilac alcohol A', 0.51",139.0,5453.482929224415,1051.3122339844704
1355.67100000002,Phenylethyl Alcohol,"'Benzeneacetaldehyde', 0.62, 'Phenylethyl Alcohol', 0.77, 'Formic acid, 2-phenylethyl ester', 0.68, 'Benzeneacetic acid, ethyl ester', 0.58",91.0,249524275.26430625,34330614.11035156
1364.02600000002,"Benzene, 1,4-dimethoxy-","'Benzene, 1,4-dimethoxy-', 0.52",123.0,302449.6323219895,60563.6379629922
1374.471,Phenylethyl Alcohol_analogue,"'Phenylethyl Alcohol', 0.61, '4H-Pyran-4-one, 2,3-dihydro-3,5-dihydroxy-6-methyl-', 0.58",101.0,33100.50700844696,7463.444612264633
1384.91500000002,Phenylethyl Alcohol_analogue,"'Pyrazine, trimethyl-', 0.5, 'Benzeneacetaldehyde', 0.59, 'Phenylethyl Alcohol', 0.69, 'Benzeneacetic acid, ethyl ester', 0.58",93.0,370632.69979644194,47140.78853416443
1403.685,"Ethanone, 1-(2-thienyl)-","'Thiazole, 5-ethyl-2,4-dimethyl-', 0.55, 'Ethanone, 1-(2-thienyl)-', 0.56, 'Maltol', 0.55, '5-Methyl-2-thiophenecarboxaldehyde', 0.54, '3-Methyl-2-thiophenecarboxaldehyde', 0.52",126.0,1166894.2142414753,210007.23862457275
1407.855,Unknown,,85.0,82597.94658434957,8972.782389322916
1414.11199999998,"Benzaldehyde, 2-methyl-","'Benzaldehyde, 2-methyl-', 0.55, 'Thiazole, 5-ethyl-2,4-dimethyl-', 0.53",108.0,25796.572163745805,4917.8482476472855
1424.53900000002,Maltol_analogue,"'Ethanone, 1-(2-thienyl)-', 0.53, 'Maltol', 0.55, '5-Methyl-2-thiophenecarboxaldehyde', 0.51",126.0,4220658.756061835,798145.9233398438
1434.966,"Cyclotetrasiloxane, octamethyl-_analogue","'Cyclotetrasiloxane, octamethyl-', 0.6",135.0,22532.14247206398,7341.701873126694
1457.781,"Bicyclo[3.1.0]hexan-2-one, 5-(1-methylethyl)-","'7-Octen-2-ol, 2,6-dimethyl-', 0.51, '(Z,Z)-3,6-Nonadienal', 0.57, '2-Cyclohexene-1-carboxaldehyde, 2,6,6-trimethyl-', 0.57, 'Bicyclo[3.1.1]heptan-2-one, 6,6-dimethyl-, (1R)-', 0.5, 'Bicyclo[3.1.0]hexan-2-one, 5-(1-methylethyl)-', 0.68, 'Cyclohexanol, 5-methyl-2-(1-methylethyl)-', 0.57, 'dl-Menthol', 0.59, 'Levomenthol', 0.56, '2-((3,3-Dimethyloxiran-2-yl)methyl)-3-methylfuran', 0.67, 'Cyclohexanol, 5-methyl-2-(1-methylethyl)-, (1alpha,2beta,5beta)-', 0.59, '2-Cyclohexen-1-one, 4-(1-methylethyl)-', 0.54, 'Cyclohexanol, 5-methyl-2-(1-methylethyl)-, (1alpha,2alpha,5alpha)-', 0.53",95.0,819341.8040603298,117785.03399848938
1470.219,"2-Furanmethanol, acetate","'2-Furanmethanol, acetate', 0.7, '2-Isobutylthiazole', 0.56, 'Disulfide, methyl (methylthio)methyl', 0.67",98.0,45267.48330704231,5781.300455729167
1476.4369999999801,"Hexanethioic acid, S-methyl ester","'Butanoic acid, 3-methylbutyl ester', 0.55, 'Hexanethioic acid, S-methyl ester', 0.6, 'Hexane, 1,1-diethoxy-', 0.56, '2-Nonanol', 0.53, '(Z)-Prop-1-en-1-yl propanedithioate', 0.5, 'Benzoic acid', 0.51, 'Hexanoic acid, butyl ester', 0.5",47.0,6303.420612488271,1576.322562634945
1482.65599999998,"Bicyclo[3.1.0]hexan-3-one, 4-methyl-1-(1-methylethyl)-, [1S-(1alpha,4beta,5alpha)]-","'Bicyclo[3.1.0]hexan-3-one, 4-methyl-1-(1-methylethyl)-, [1S-(1alpha,4beta,5alpha)]-', 0.69, 'Benzeneacetic acid, methyl ester', 0.6, 'Isopinocarveol', 0.51, '6-Octenoic acid, 3,7-dimethyl-, methyl ester', 0.62",152.0,3479.21440595088,919.1100666821003
1486.818,"1,2-Benzisothiazole","'1,2-Benzisothiazole', 0.52",135.0,11292.789540895574,2338.927416920662
1491.02800000002,Benzyl nitrile,"'Benzene, 1-methyl-4-(1-methylethenyl)-', 0.5, 'Benzyl nitrile', 0.69",116.0,1913256.1180324468,70024.79865054227
1499.448,"(R,S)-5-Ethyl-6-methyl-3E-hepten-2-one","'(R,S)-5-Ethyl-6-methyl-3E-hepten-2-one', 0.59",111.0,77838.89534670408,19012.79636354262
1507.86700000002,Unknown,,98.0,400361.52761391434,75703.72578048706
1516.287,"Ethanethioic acid, S-(2-furanylmethyl) ester_analogue","'Ethanethioic acid, S-(2-furanylmethyl) ester', 0.54, '2-Decanone', 0.51",156.0,7225.741176820296,3201.9649410429956
1533.126,"2-Nonanol, acetate_analogue","'1-Hexanol, 2-ethyl-', 0.52, '(Z,Z)-3,6-Nonadienal', 0.5, 'Decane, 2,6,8-trimethyl-', 0.54, 'Bicyclo[3.1.0]hexan-3-one, 4-methyl-1-(1-methylethyl)-, [1S-(1alpha,4beta,5alpha)]-', 0.52, 'Bicyclo[3.1.1]heptan-2-one, 6,6-dimethyl-', 0.51, 'Benzyl nitrile', 0.52, '2-Nonenal', 0.58, '2,6-Nonadien-1-ol', 0.53, 'Isopinocarveol', 0.56, '2-Nonanol, acetate', 0.6",70.0,34830.61505933975,9517.90473985672
1545.76600000002,4-Methyleneisophorone,"'Ethyl n-butyl disulphide', 0.53, '4-Methyleneisophorone', 0.56",107.0,132575.02158961538,28749.869537353516
1549.995,Unknown,,155.0,302082.53292561346,57721.96732330322
1554.22300000002,"2-Nonenal, (E)-","'2-Octenal, (E)-', 0.55, '6-Nonenal, (Z)-', 0.65, 'Fenchol', 0.55, '2-Nonenal, (Z)-', 0.71, '2-Nonenal', 0.66, '2-Nonenal, (E)-', 0.72, '2,6-Nonadien-1-ol', 0.51, 'trans,cis-2,6-Nonadien-1-ol', 0.51, '1-Nonanol', 0.53, '1-Dodecene', 0.53, 'cis-4-Decenal', 0.54, '4-Decenal, (E)-', 0.52, '1-Nonanol, 4,8-dimethyl-', 0.52, '2-Decenal, (Z)-', 0.55, '2-Decenal, (E)-', 0.52",83.0,1992492.8761738362,277311.18820016127
1573.25299999998,"Cyclopentasiloxane, decamethyl-","'Cyclopentasiloxane, decamethyl-', 0.73",74.0,376574.7145730413,62662.431716918945
1577.48200000002,Unknown,,95.0,138601.3353843827,23069.475211143494
1594.39699999998,(6Z)-Nonen-1-ol,"'5-Octen-1-ol, (Z)-', 0.52, 'Bicyclo[7.1.0]decane', 0.54, 'Cyclooctyl alcohol', 0.57, '3-Nonen-1-ol, (Z)-', 0.55, '(6Z)-Nonen-1-ol', 0.6, 'dl-Menthol', 0.51, '2-Nonen-1-ol, (E)-', 0.54",95.0,251115.9323625363,42568.78472042084
1617.42199999998,"2(3H)-Furanone, dihydro-5-propyl-","'Furaneol', 0.51, 'Benzene, 1-methyl-3-(1-methylethenyl)-', 0.55, 'Benzene, 1-methyl-4-(1-methylethenyl)-', 0.54, '2(5H)-Furanone, 3-hydroxy-4,5-dimethyl-', 0.58, '2(3H)-Furanone, dihydro-5-propyl-', 0.69, 'Naphthalene', 0.58, 'Benzeneacetaldehyde, alpha-ethylidene-', 0.51, 'Propyl octanoate', 0.52, '2(3H)-Furanone, 5-acetyldihydro-', 0.51",128.0,226293.86258160963,22953.45746564865
1621.566,Isopinocarveol_analogue,"'1,5-Heptadien-4-ol, 3,3,6-trimethyl-', 0.53, 'Bicyclo[3.1.1]heptan-3-ol, 6,6-dimethyl-2-methylene-, [1S-(1alpha,3alpha,5alpha)]-', 0.51, 'Verbenol', 0.5, 'trans-Verbenol', 0.52, '2,7-Octadien-4-ol, 2-methyl-6-methylene-, (S)-', 0.55, '2,7-Octadien-4-ol, 2-methyl-6-methylene-', 0.53, '3,6-Nonadien-1-ol, (E,Z)-', 0.5, 'Bicyclo[3.1.0]hexan-3-ol, 4-methyl-1-(1-methylethyl)-', 0.52, 'Isopinocarveol', 0.59, '2-Cyclohexen-1-ol, 3-methyl-6-(1-methylethyl)-, cis-', 0.5, 'Bicyclo[3.1.1]hept-2-ene-2-methanol, 6,6-dimethyl-', 0.54, 'Estragole', 0.55, 'D-Verbenone', 0.53, 'Benzene, 2-methoxy-4-methyl-1-(1-methylethyl)-', 0.5, '2-Decenal, (Z)-', 0.54, '2-Decenal, (E)-', 0.58",121.0,19075.554494046737,3282.5607962608337
1631.95000000002,(Z)-(E)-2-Methylbut-2-en-1-yl 2-methylbut-2-enoate,"'1,5-Heptadien-4-ol, 3,3,6-trimethyl-', 0.5, 'trans-Rose oxide', 0.51, 'Bicyclo[3.1.1]heptan-2-one, 6,6-dimethyl-', 0.5, '(Z)-(E)-2-Methylbut-2-en-1-yl 2-methylbut-2-enoate', 0.59, '2-Cyclohexen-1-ol, 3-methyl-6-(1-methylethyl)-, trans-', 0.5",139.0,16172.92463833644,3006.2522337436676
1642.3930000000198,Isopinocarveol_analogue,"'1,5-Heptadien-4-ol, 3,3,6-trimethyl-', 0.54, 'Limonene oxide, cis-', 0.5, 'Bicyclo[3.1.1]heptan-3-ol, 6,6-dimethyl-2-methylene-', 0.51, 'Bicyclo[3.1.1]heptan-3-ol, 6,6-dimethyl-2-methylene-, [1S-(1alpha,3alpha,5alpha)]-', 0.51, 'Verbenol', 0.51, 'Bicyclo[3.1.1]hept-3-en-2-ol, 4,6,6-trimethyl-, [1S-(1alpha,2beta,5alpha)]-', 0.51, 'Bicyclo[3.1.0]hexan-3-ol, 4-methylene-1-(1-methylethyl)-, [1S-(1alpha,3beta,5alpha)]-', 0.51, 'trans-Verbenol', 0.55, '2,7-Octadien-4-ol, 2-methyl-6-methylene-, (S)-', 0.52, 'Bicyclo[3.1.0]hexan-3-ol, 4-methyl-1-(1-methylethyl)-', 0.5, 'Isopinocarveol', 0.6, 'Bicyclo[3.1.1]hept-2-ene-2-methanol, 6,6-dimethyl-', 0.54, '(-)-Myrtenol', 0.51, 'D-Verbenone', 0.54, '3-Phenylpropanol', 0.51, '6-Octenoic acid, 3,7-dimethyl-, methyl ester', 0.55",137.0,18839.45818794561,3394.9450422525406
1669.54900000002,L-alpha-Terpineol,"'gamma-Terpinene', 0.52, 'Cyclohexene, 3-methyl-6-(1-methylethylidene)-', 0.56, 'Cyclohexene, 1-methyl-4-(1-methylethylidene)-', 0.53, 'Bicyclo[3.1.0]hex-3-en-2-one, 5-(1-methylethyl)-', 0.53, '2,4,6-Octatriene, 3,4-dimethyl-', 0.54, '2,4,6-Octatriene, 2,6-dimethyl-, (E,Z)-', 0.53, '2,4,6-Octatriene, 2,6-dimethyl-', 0.55, '3-Cyclohexen-1-ol, 1-methyl-4-(1-methylethyl)-', 0.53, '2,4,6-Octatriene, 2,6-dimethyl-, (E,E)-', 0.51, 'Cyclohexanol, 1-methyl-4-(1-methylethenyl)-', 0.53, 'cis-Ocimenol', 0.69, 'Ethanone, 1-(2-hydroxyphenyl)-', 0.62, 'Cyclohexanemethanol, alpha,alpha-dimethyl-4-methylene-', 0.56, 'trans-Ocimenol', 0.7, 'alpha-Terpineol', 0.71, 'L-alpha-Terpineol', 0.76, 'Cyclohexanol, 2-methyl-5-(1-methylethenyl)-', 0.52, 'Cyclohexanol, 1-methyl-4-(1-methylethylidene)-', 0.67, 'Phenol, 2-(1-methylethyl)-', 0.54, 'Phenol, 2,4,6-trimethyl-', 0.57, '1,6-Octadien-3-ol, 3,7-dimethyl-, formate', 0.59, 'Formamide, N-phenyl-', 0.52, 'Bicyclo[2.2.1]heptan-2-ol, 1,7,7-trimethyl-, formate, endo-', 0.57, 'p-Cumenol', 0.58, 'Isobornyl formate', 0.58, 'Phenol, 4-ethyl-3-methyl-', 0.51, 'Ascaridole', 0.63, 'Thymoquinone', 0.52, 'Linalyl acetate', 0.54, 'p-Menth-8-en-3-ol, acetate', 0.53, '3-Cyclohexene-1-methanethiol, alpha,alpha,4-trimethyl-', 0.52, '4-Terpinenyl acetate', 0.53, 'delta-Terpineol, acetate', 0.55",93.0,296019.22555883555,44887.57114601135
1677.94099999998,Isopinocarveol_analogue,"'Bicyclo[3.1.1]heptan-3-ol, 6,6-dimethyl-2-methylene-', 0.51, 'trans-Verbenol', 0.51, 'Isopinocarveol', 0.56, 'alpha-Terpineol', 0.54, '1,6-Octadien-3-ol, 3,7-dimethyl-, formate', 0.52, 'Cyclohexanol, 2-methyl-5-(1-methylethenyl)-, (1alpha,2alpha,5beta)-', 0.5, '3-Phenylpropanol', 0.54",151.0,8392.770380027428,1758.1889026165009
1696.8229999999799,Unknown,,84.0,179523.049880057,30748.925590515137
1701.0190000000198,"1,3-Cyclohexadiene-1-carboxaldehyde, 2,6,6-trimethyl-","'1,3-Cyclohexadiene-1-carboxaldehyde, 2,6,6-trimethyl-', 0.53",107.0,32059.94341826582,5622.604248523712
1719.82699999998,"2-Nonanol, acetate_analogue","'2-Hexen-1-ol, propanoate, (E)-', 0.5, 'Lilac aldehyde A', 0.54, 'Lilac aldehyde B', 0.56, '2(3H)-Furanone, dihydro-5-propyl-', 0.54, 'Lilac aldehyde D', 0.55, '2-Nonanol, acetate', 0.58, '1-Octanol, 2-butyl-', 0.54",100.0,2891.3381683806156,753.505197675366
1724.0050000000201,"2-Nonanol, acetate","'Lilac aldehyde A', 0.53, 'Lilac aldehyde B', 0.54, '2(3H)-Furanone, dihydro-5-propyl-', 0.54, 'Lilac aldehyde D', 0.55, '2-Nonanol, acetate', 0.6",100.0,1603.892408540584,446.1161761936781
1742.808,"2-Decen-1-ol, (E)-","'3-Octen-1-ol, (Z)-', 0.53, '3-Octen-1-ol, (E)-', 0.5, '2-Octen-1-ol, (E)-', 0.57, '2-Octen-1-ol, (Z)-', 0.57, '5-Octen-1-ol, (Z)-', 0.54, 'Bicyclo[7.1.0]decane', 0.62, 'Nonanal', 0.53, '2-Nonenal, (Z)-', 0.53, 'Cyclooctyl alcohol', 0.7, '3-Nonen-1-ol, (Z)-', 0.58, '2-Nonenal', 0.51, '2-Nonenal, (E)-', 0.52, 'Cyclohexanol, 5-methyl-2-(1-methylethyl)-', 0.54, '(6Z)-Nonen-1-ol', 0.58, '(3R,6S)-2,2,6-Trimethyl-6-vinyltetrahydro-2H-pyran-3-ol', 0.55, 'dl-Menthol', 0.58, 'Levomenthol', 0.53, '2-Nonen-1-ol, (E)-', 0.6, 'Cyclohexanol, 5-methyl-2-(1-methylethyl)-, (1alpha,2beta,5beta)-', 0.57, 'Cyclohexanol, 5-methyl-2-(1-methylethyl)-, (1alpha,2alpha,5alpha)-', 0.56, 'cis-4-Decenal', 0.59, '3-Octen-1-ol, acetate, (Z)-', 0.53, '4-Decenal, (E)-', 0.55, 'Butanoic acid, 4-hexenyl ester, (Z)-', 0.57, 'Decanal', 0.69, '3-Decen-1-ol, (Z)-', 0.63, 'Citronellol', 0.62, '2-Decenal, (Z)-', 0.57, '(Z)-4-Decen-1-ol', 0.63, '2-Decen-1-ol, (E)-', 0.75, '2-Decenal, (E)-', 0.52, 'Undecanal', 0.56",41.0,1568975.5792581683,327944.15672302246
1748.05600000002,"Ethanone, 1-(1H-pyrrol-2-yl)-","'Ethanone, 1-(1H-pyrrol-2-yl)-', 0.57, '6-Methyl-3,5-heptadiene-2-one', 0.55",109.0,79883.89466899238,16826.337547302246
1772.6470000000202,"Butanoic acid, 2-methyl-, 2-methylbutyl ester","'Butanoic acid, 2-methyl-, 2-methylbutyl ester', 0.75, '4H-Pyran-4-one, 3,5-dihydroxy-2-methyl-', 0.54, 'Edulan II', 0.55, '2H-1-Benzopyran, 3,5,6,8a-tetrahydro-2,5,5,8a-tetramethyl-, trans-', 0.55",144.0,4332.931352403839,590.3252969162431
1781.20099999998,"1-Cyclohexene-1-carboxaldehyde, 2,6,6-trimethyl-","'Pyrazine, 2-methoxy-3-(1-methylethyl)-', 0.5, '6-Octen-1-yn-3-ol, 3,7-dimethyl-', 0.5, '2-Cyclohexene-1-carboxaldehyde, 2,6,6-trimethyl-', 0.56, '2-Cyclohexen-1-ol, 1-methyl-4-(1-methylethenyl)-, trans-', 0.53, '7-Oxabicyclo[4.1.0]heptane, 1-methyl-4-(1-methylethenyl)-', 0.61, 'Limonene oxide, cis-', 0.61, 'Verbenol', 0.55, 'Bicyclo[3.1.1]hept-3-en-2-ol, 4,6,6-trimethyl-, [1S-(1alpha,2beta,5alpha)]-', 0.55, 'trans-Verbenol', 0.54, '2,6,6-Trimethyl-2-cyclohexene-1,4-dione', 0.61, 'Ethanone, 1-(1,4-dimethyl-3-cyclohexen-1-yl)-', 0.68, '2H-Pyran, 3,6-dihydro-4-methyl-2-(2-methyl-1-propenyl)-', 0.57, '3-Cyclohexene-1-carboxaldehyde, 1,3,4-trimethyl-', 0.72, ""Spiro[bicyclo[3.1.1]heptane-2,2'-oxirane], 6,6-dimethyl-"", 0.59, 'cis-Chrysanthenol', 0.69, 'Isoneral', 0.59, '3,6-Octadienal, 3,7-dimethyl-', 0.58, 'Dill ether', 0.66, 'Bicyclo[3.1.1]heptane-2-carboxaldehyde, 6,6-dimethyl-', 0.64, 'cis-Dihydrocarvone', 0.65, 'Cyclohexanone, 2-methyl-5-(1-methylethenyl)-, trans-', 0.58, '(-)-trans-Isopiperitenol', 0.51, '3,6-Dimethyl-2,3,3a,4,5,7a-hexahydrobenzofuran', 0.71, 'trans-Carveol', 0.65, '1-Cyclohexene-1-carboxaldehyde, 2,6,6-trimethyl-', 0.86, '3-Cyclohexene-1-acetaldehyde, alpha,4-dimethyl-', 0.53, '3,4-Dimethoxytoluene', 0.68, 'Pulegone', 0.68, 'Neral', 0.7, '2-Cyclohexen-1-one, 2-methyl-5-(1-methylethyl)-, (S)-', 0.55, 'Benzene, 1,4-dimethoxy-2-methyl-', 0.59, '2-Cyclohexen-1-one, 3-methyl-6-(1-methylethyl)-', 0.61, '2,6-Dimethoxytoluene', 0.61, '1-Cyclohexene-1-acetaldehyde, 2,6,6-trimethyl-', 0.63, 'Carvone oxide, cis-', 0.55, '2,6-Octadienal, 3,7-dimethyl-, (E)-', 0.75, '1-Cyclohexene-1-carboxaldehyde, 4-(1-methylethyl)-', 0.57, 'Citral', 0.7, 'Phenol, 4-ethyl-2-methoxy-', 0.55",109.0,1669273.8428599439,172199.56940460205
1786.54699999998,cis-Chrysanthenol,"'Pyrazine, 2-methoxy-3-(1-methylethyl)-', 0.51, 'Ethanone, 1-(1,4-dimethyl-3-cyclohexen-1-yl)-', 0.67, '2H-Pyran, 3,6-dihydro-4-methyl-2-(2-methyl-1-propenyl)-', 0.59, 'cis-Chrysanthenol', 0.7, '6-Octen-1-ol, 7-methyl-3-methylene-', 0.51, 'cis-Dihydrocarvone', 0.69, '3,4-Dimethoxytoluene', 0.69, 'Pulegone', 0.64, '2-Cyclohexen-1-one, 2-methyl-5-(1-methylethyl)-, (S)-', 0.56, 'Benzene, 1,4-dimethoxy-2-methyl-', 0.66, '2-Cyclohexen-1-one, 3-methyl-6-(1-methylethyl)-', 0.58, '2,6-Dimethoxytoluene', 0.62, '1-Cyclohexene-1-acetaldehyde, 2,6,6-trimethyl-', 0.64, '2-Decenal, (E)-', 0.55, 'Phenol, 4-ethyl-2-methoxy-', 0.62, '2-Cyclohexen-1-ol, 2-methyl-5-(1-methylethenyl)-, acetate', 0.52",154.0,4382.006179713456,1185.8430774211884
1790.76100000002,Isopinocarveol,"'1,7-Octadien-3-one, 2-methyl-6-methylene-', 0.53, 'Bicyclo[3.1.1]heptan-3-ol, 6,6-dimethyl-2-methylene-', 0.57, 'Verbenol', 0.53, 'Bicyclo[3.1.1]hept-3-en-2-ol, 4,6,6-trimethyl-, [1S-(1alpha,2beta,5alpha)]-', 0.58, 'trans-Verbenol', 0.57, '2,7-Octadien-4-ol, 2-methyl-6-methylene-, (S)-', 0.53, '2,7-Octadien-4-ol, 2-methyl-6-methylene-', 0.53, '2,6-Nonadienal, (E,E)-', 0.51, '2H-Pyran, 3,6-dihydro-4-methyl-2-(2-methyl-1-propenyl)-', 0.58, '3-Cyclohexene-1-carboxaldehyde, 1,3,4-trimethyl-', 0.57, '2,6-Nonadienal, (E,Z)-', 0.56, 'cis-Chrysanthenol', 0.54, '2,6-Nonadien-1-ol', 0.56, 'trans,cis-2,6-Nonadien-1-ol', 0.52, 'Bicyclo[3.1.0]hex-3-en-2-one, 4-methyl-1-(1-methylethyl)-', 0.52, 'Isopinocarveol', 0.62, 'Dill ether', 0.5, 'Bicyclo[3.1.1]hept-2-ene-2-carboxaldehyde, 6,6-dimethyl-', 0.56, '2-Cyclohexen-1-ol, 3-methyl-6-(1-methylethyl)-, cis-', 0.51, 'Bicyclo[3.1.1]hept-2-ene-2-methanol, 6,6-dimethyl-', 0.55, 'cis-Dihydrocarvone', 0.53, 'Bicyclo[3.1.1]hept-3-en-2-one, 4,6,6-trimethyl-', 0.5, '2-Cyclohexen-1-ol, 3-methyl-6-(1-methylethyl)-, trans-', 0.5, '(-)-trans-Isopiperitenol', 0.59, '(-)-Myrtenol', 0.55, '3,6-Dimethyl-2,3,3a,4,5,7a-hexahydrobenzofuran', 0.57, 'trans-Carveol', 0.57, '1-Cyclohexene-1-carboxaldehyde, 2,6,6-trimethyl-', 0.58, 'D-Verbenone', 0.56, '3-Cyclohexene-1-acetaldehyde, alpha,4-dimethyl-', 0.58, '2-Cyclohexen-1-ol, 2-methyl-5-(1-methylethenyl)-, cis-', 0.55, 'Bicyclo[3.1.1]hept-2-en-6-ol, 2,7,7-trimethyl-, acetate, [1S-(1alpha,5alpha,6beta)]-', 0.51, 'Neral', 0.56, '3,6-Octadien-1-ol, 3,7-dimethyl-, (Z)-', 0.51, '2,4-Cycloheptadien-1-one, 2,6,6-trimethyl-', 0.53, 'Edulan II', 0.51, '6-Octenoic acid, 3,7-dimethyl-, methyl ester', 0.58, '2-Decenal, (E)-', 0.51, '2,6-Octadienal, 3,7-dimethyl-, (E)-', 0.55, '1-Cyclohexene-1-carboxaldehyde, 4-(1-methylethenyl)-', 0.52, '4-Thujen-2-alpha-yl acetate', 0.53, 'Citral', 0.54, '7-Oxabicyclo[4.1.0]heptane, 1-methyl-4-(2-methyloxiranyl)-', 0.54, '2,4-Decadienal, (E,Z)-', 0.52, 'p-Mentha-1,8-dien-7-ol', 0.51, '2H-1-Benzopyran, 3,5,6,8a-tetrahydro-2,5,5,8a-tetramethyl-, trans-', 0.5",94.0,12605.141146758804,3535.1246767749026
1807.365,Unknown,,88.0,414419.92918916506,61060.525955200195
1813.59100000002,"Phenol, 2,3-dimethyl-","'Phenol, 2,4-dimethyl-', 0.51, 'Phenol, 3-ethyl-', 0.52, 'Phenol, 4-ethyl-', 0.51, 'Phenol, 2,3-dimethyl-', 0.56, 'Phenol, 3,4-dimethyl-', 0.54, 'Benzenemethanol, 2-methyl-, acetate', 0.51, '1,4-p-Menthadien-7-al', 0.51",107.0,182511.57049397167,29556.70694732666
1834.41400000002,"2,6-Nonadien-1-ol","'3,6-Nonadien-1-ol, (E,Z)-', 0.51, '2-Nonenal', 0.52, '2,6-Nonadien-1-ol', 0.57, 'trans,cis-2,6-Nonadien-1-ol', 0.53, 'Formic acid, 2-phenylethyl ester', 0.54, 'Isopinocarveol', 0.54, '7-Octenoic acid, ethyl ester', 0.51, 'Bicyclo[3.1.1]hept-2-ene-2-carboxaldehyde, 6,6-dimethyl-', 0.5, 'D-Verbenone', 0.51, '3,6-Octadien-1-ol, 3,7-dimethyl-, (Z)-', 0.54, '2-Decenal, (E)-', 0.51, '1-Cyclohexene-1-carboxaldehyde, 4-(1-methylethenyl)-', 0.51, 'Benzenemethanol, 2-methyl-, acetate', 0.56, '7-Oxabicyclo[4.1.0]heptane, 1-methyl-4-(2-methyloxiranyl)-', 0.51",107.0,73185.16328962232,12252.246832370758
1840.67200000002,Unknown,,95.0,156028.8553681268,28205.974447250366
1855.2739999999799,Mequinol,"'Mequinol', 0.5",109.0,98543.12050402966,18835.042612075806
1876.131,"2-Decenal, (E)-","'Hexane, 1,1-diethoxy-', 0.5, '2-Decenal, (E)-', 0.57, '4-Methylpentyl 4-methylpentanoate', 0.52",84.0,10329.200177884504,3085.5866248062557
1888.60699999998,Neral,"'Neral', 0.54, '2,6-Octadienal, 3,7-dimethyl-, (E)-', 0.5, 'Citral', 0.51",69.0,195470.69107202542,30649.63779067993
1901.08300000002,"Ethanethioic acid, S-(2-furanylmethyl) ester","'2-Nonenal', 0.52, 'Ethanethioic acid, S-(2-furanylmethyl) ester', 0.57, '2H-Pyran-2-one, 5,6-dihydro-6-propyl-', 0.55, 'p-Menthane-3,8-diol, cis-1,3,trans-1,4-', 0.52",156.0,20441.471245303637,4031.9298791885376
1905.24100000002,Unknown,,281.0,248120.58390456304,42447.54479408264
1915.662,Maltol,"'Maltol', 0.63, 'Naphthalene', 0.57, '5-Hydroxymethylfurfural', 0.55, 'Azulene', 0.5",126.0,17381.187095285713,4297.990430355072
1928.23099999998,"2-((3,3-Dimethyloxiran-2-yl)methyl)-3-methylfuran","'2-((3,3-Dimethyloxiran-2-yl)methyl)-3-methylfuran', 0.54, '1-Cyclohexene-1-acetaldehyde, 2,6,6-trimethyl-', 0.52",151.0,62110.96703798319,10466.592983722687
1940.80099999998,"3-((3R)-2,3-Dimethyltricyclo[2.2.1.02,6]heptan-3-yl)propanal","'3-((3R)-2,3-Dimethyltricyclo[2.2.1.02,6]heptan-3-yl)propanal', 0.5",164.0,4146.022724983419,879.6525583267212
1965.9420000000002,"2-Nonanol, acetate_analogue","'4H-Pyran-4-one, 2,3-dihydro-3,5-dihydroxy-6-methyl-', 0.57, '2-Nonanol, acetate', 0.59, 'Undecanal', 0.57, '6-Tridecene', 0.52",126.0,25289.988705087362,3673.503371316364
1974.3179999999998,4-Thujen-2-alpha-yl acetate,"'2-Nonanol, acetate', 0.57, '4-Thujen-2-alpha-yl acetate', 0.57",130.0,470.38063017541003,172.3345200372617
1980.57799999998,"Cyclohexasiloxane, dodecamethyl-_analogue","'Cyclohexasiloxane, dodecamethyl-', 0.68",164.0,136998.5715395158,25667.17779867575
1988.925,Undecanal,"'Bicyclo[3.1.1]heptan-2-one, 6,6-dimethyl-', 0.6, 'Isopinocarveol', 0.6, '7-Octenoic acid, ethyl ester', 0.51, '2-Decanone', 0.58, 'Bicyclo[3.1.1]hept-2-ene-2-methanol, 6,6-dimethyl-', 0.53, '(-)-Myrtenol', 0.51, 'D-Verbenone', 0.53, '3-Cyclohexene-1-acetaldehyde, alpha,4-dimethyl-', 0.61, 'Bicyclo[3.1.1]hept-2-en-6-ol, 2,7,7-trimethyl-, acetate, [1S-(1alpha,5alpha,6beta)]-', 0.53, '3,6-Octadien-1-ol, 3,7-dimethyl-, (Z)-', 0.54, 'Edulan II', 0.6, '2-Decenal, (Z)-', 0.58, '2-Decenal, (E)-', 0.64, 'Carvone oxide, cis-', 0.55, '4-Thujen-2-alpha-yl acetate', 0.61, '1,7-Octadiene-3,6-diol, 2,6-dimethyl-', 0.52, '2,6-Octadienoic acid, 3,7-dimethyl-, methyl ester, (Z)-', 0.55, '3-Undecanone', 0.53, '10-Undecenal', 0.51, 'trans-3-Methyl-4-octanolide', 0.5, '4-Hexen-1-ol, 5-methyl-2-(1-methylethenyl)-, acetate, (R)-', 0.54, '7-Oxabicyclo[4.1.0]heptane, 1-methyl-4-(2-methyloxiranyl)-', 0.66, '2-Undecanone', 0.52, 'p-Mentha-1,8-dien-7-ol', 0.51, 'trans-Pinocarvyl acetate', 0.52, 'Undecanal', 0.71, '2H-1-Benzopyran, 3,5,6,8a-tetrahydro-2,5,5,8a-tetramethyl-, trans-', 0.6, '1,4-Cyclohexadiene-1-methanol, 4-(1-methylethyl)-', 0.56, '3-((3R)-2,3-Dimethyltricyclo[2.2.1.02,6]heptan-3-yl)propanal', 0.5, 'Undecanal, 2-methyl-', 0.52, 'Dodecanal', 0.51",123.0,21352.35445841128,3147.7052233219147
1995.1849999999802,"Cyclohexasiloxane, dodecamethyl-_analogue","'Cyclohexasiloxane, dodecamethyl-', 0.73",164.0,117853.76097561506,23372.92360496521
2009.79199999998,"2,6-Octadienal, 3,7-dimethyl-, (E)-","'Limonene oxide, cis-', 0.5, 'Bicyclo[3.1.1]heptane-2-carboxaldehyde, 6,6-dimethyl-', 0.52, 'cis-Dihydrocarvone', 0.52, '(-)-trans-Isopiperitenol', 0.53, 'trans-Carveol', 0.52, '1-Cyclohexene-1-carboxaldehyde, 2,6,6-trimethyl-', 0.55, 'Neral', 0.72, '2,6-Octadienal, 3,7-dimethyl-, (E)-', 0.8, '1,7-Octadiene-3,6-diol, 2,6-dimethyl-', 0.56, '1-Cyclohexene-1-carboxaldehyde, 4-(1-methylethyl)-', 0.55, 'Citral', 0.76",69.0,1471746.519594653,170046.75610351562
2016.0520000000201,Unknown,,152.0,24167.17692310575,5009.535835504532
2020.2130000000202,"3-Cyclohexene-1-acetaldehyde, alpha,4-dimethyl-","'Bicyclo[3.1.1]heptan-2-one, 6,6-dimethyl-', 0.54, '2,6-Nonadien-1-ol', 0.6, 'p-Mentha-1,5-dien-8-ol', 0.51, 'trans,cis-2,6-Nonadien-1-ol', 0.59, 'Isopinocarveol', 0.56, 'Bicyclo[3.1.1]heptane-2-carboxaldehyde, 6,6-dimethyl-', 0.55, '(-)-trans-Isopiperitenol', 0.6, '3,6-Dimethyl-2,3,3a,4,5,7a-hexahydrobenzofuran', 0.5, 'trans-Carveol', 0.5, '3-Cyclohexene-1-acetaldehyde, alpha,4-dimethyl-', 0.65, '2-Cyclohexen-1-ol, 2-methyl-5-(1-methylethenyl)-, cis-', 0.51, 'Benzene, 2-methoxy-4-methyl-1-(1-methylethyl)-', 0.54, '2-Nonanol, acetate', 0.54, 'Bicyclo[3.1.1]hept-2-en-6-ol, 2,7,7-trimethyl-, acetate, [1S-(1alpha,5alpha,6beta)]-', 0.51, 'Neral', 0.54, 'Benzeneacetic acid, ethyl ester', 0.5, '2-Decen-1-ol, (E)-', 0.5, '6-Octenoic acid, 3,7-dimethyl-, methyl ester', 0.55, 'Carvone oxide, cis-', 0.51, '2,6-Octadienal, 3,7-dimethyl-, (E)-', 0.54, '4-Thujen-2-alpha-yl acetate', 0.54, 'Citral', 0.55, '2,6-Octadienoic acid, 3,7-dimethyl-, methyl ester, (Z)-', 0.53, 'Hexanoic acid, 3-methyl-2-butenyl ester', 0.59, '7-Oxabicyclo[4.1.0]heptane, 1-methyl-4-(2-methyloxiranyl)-', 0.54, '2-n-Octylfuran', 0.51, 'p-Menthane-3,8-diol, cis-1,3,trans-1,4-', 0.54, 'Undecanal', 0.54, '2-Undecanol', 0.51, '6-Tridecene', 0.58",41.0,151624.57761789052,42713.55324221113
2024.3599999999801,"Cyclohexasiloxane, dodecamethyl-_analogue","'Cyclohexasiloxane, dodecamethyl-', 0.62",164.0,34105.80177158342,5359.600424528122
2036.802,"3-Cyclohexene-1-acetaldehyde, alpha,4-dimethyl-_analogue","'D-Verbenone', 0.52, '3-Cyclohexene-1-acetaldehyde, alpha,4-dimethyl-', 0.63, '7-Oxabicyclo[4.1.0]heptan-2-one, 6-methyl-3-(1-methylethyl)-', 0.5, '1-Cyclohexene-1-carboxaldehyde, 4-(1-methylethenyl)-', 0.52, '4-Thujen-2-alpha-yl acetate', 0.58, '2,6-Octadienoic acid, 3,7-dimethyl-, methyl ester, (Z)-', 0.61, '1,4-p-Menthadien-7-al', 0.52, '7-Oxabicyclo[4.1.0]heptane, 1-methyl-4-(2-methyloxiranyl)-', 0.57, '2,4-Decadienal, (E,Z)-', 0.52, '2-n-Octylfuran', 0.52, '(1S,2R,4R,7R)-4-Isopropyl-7-methyl-3,8-dioxatricyclo[5.1.0.02,4]octane', 0.55, '2,6-Octadienoic acid, 3,7-dimethyl-, methyl ester', 0.51, 'trans-Geranic acid methyl ester', 0.53, '(Z)-1-(Prop-1-en-1-yl)-3-propyltrisulfane', 0.56, '(E)-1-(Prop-1-en-1-yl)-3-propyltrisulfane', 0.54, 'Methyleugenol', 0.52",151.0,5265.996627395404,1314.8137077093124
2059.6150000000202,Geranic acid,"'Isopinocarveol', 0.51, '(Z)-(E)-2-Methylbut-2-en-1-yl 2-methylbut-2-enoate', 0.52, '(-)-trans-Isopiperitenol', 0.53, '2-Nonanol, acetate', 0.6, 'Benzene, 2-methoxy-1-methyl-4-(1-methylethyl)-', 0.53, 'Edulan II', 0.52, '3-Mercaptohexyl acetate', 0.53, '2-Decenal, (Z)-', 0.54, '2-Decenal, (E)-', 0.57, '4-Thujen-2-alpha-yl acetate', 0.56, '7-Oxabicyclo[4.1.0]heptane, 1-methyl-4-(2-methyloxiranyl)-', 0.54, '2,4-Decadienal, (E,Z)-', 0.51, 'p-Menthane-3,8-diol, cis-1,3,trans-1,4-', 0.55, 'Undecanal', 0.56, '2-Undecanol', 0.55, '2H-1-Benzopyran, 3,5,6,8a-tetrahydro-2,5,5,8a-tetramethyl-, trans-', 0.55, 'Geranic acid', 0.65",100.0,11049.867777677855,1814.1994313176383
2101.302,"Furan, 2-[(methyldithio)methyl]-","'Ethanethioic acid, S-(2-furanylmethyl) ester', 0.5, '2,4-Nonadienal', 0.5, 'Furan, 2-[(methyldithio)methyl]-', 0.67, '2,4-Decadienal, (E,Z)-', 0.58, '2,4-Decadienal', 0.57, '2,4-Decadienal, (E,E)-', 0.54",81.0,3320595.9601362282,334777.5803527832
2111.814,"Benzene, (2-nitroethyl)-","'Formic acid, 2-phenylethyl ester', 0.6, 'Benzenemethanol, alpha-methyl-, acetate', 0.56, 'Acetic acid, 2-phenylethyl ester', 0.75, 'Benzenepropanoic acid, methyl ester', 0.71, 'Benzenemethanol, 2-methyl-, acetate', 0.78, 'Benzene, (2-nitroethyl)-', 0.84, '(+)-Diethyl L-tartrate', 0.67, 'Propanoic acid, 2-methyl-, 2-phenylethyl ester', 0.7",104.0,17763327.216647483,1046492.8941955566
2118.12199999998,"Benzenemethanol, 2-methyl-, acetate","'Benzenemethanol, 2-methyl-, acetate', 0.65",85.0,73549.4448363626,12521.04779291153
2126.532,Unknown,,123.0,40261.045730147845,5211.397995045487
2151.6460000000197,"Hexanoic acid, 3-methyl-2-butenyl ester","'Hexanoic acid, 3-methyl-2-butenyl ester', 0.55, 'Formamide, N,N-dibutyl-', 0.54",114.0,462179.7425904081,28403.417682647705
2155.8049999999803,"Hexanoic acid, 3-methyl-2-butenyl ester_analogue","'(Z)-Undec-6-en-2-one', 0.51, 'Hexanoic acid, 3-methyl-2-butenyl ester', 0.53, 'p-Menthane-3,8-diol, cis-1,3,trans-1,4-', 0.52, 'Formamide, N,N-dibutyl-', 0.5",100.0,20415.48453232192,2830.6444155163153
2183.37100000002,"1-Cyclohexene-1-carboxaldehyde, 4-(1-methylethenyl)-","'Estragole', 0.5, 'Cyclohexanol, 2-methyl-5-(1-methylethenyl)-, (1alpha,2alpha,5beta)-', 0.51, '3-Cyclohexene-1-acetaldehyde, alpha,4-dimethyl-', 0.51, '1-Cyclohexene-1-carboxaldehyde, 4-(1-methylethenyl)-', 0.58, '4-Isopropylcyclohexa-1,3-dienecarbaldehyde', 0.53, 'Isopulegol acetate', 0.51, 'Tricyclo[2.2.1.0(2,6)]heptane-3-methanol, 2,3-dimethyl-', 0.51, '4-Hexen-1-ol, 5-methyl-2-(1-methylethenyl)-, acetate, (R)-', 0.53, 'p-Mentha-1,8-dien-7-ol', 0.54, 'Dihydrocarvyl acetate', 0.54, '1,4-Cyclohexadiene-1-methanol, 4-(1-methylethyl)-', 0.52, '1,5,5-Trimethyl-6-methylene-cyclohexene', 0.56, '3-((3R)-2,3-Dimethyltricyclo[2.2.1.02,6]heptan-3-yl)propanal', 0.52, '2-Buten-1-one, 1-(2,6,6-trimethyl-1,3-cyclohexadien-1-yl)-, (E)-', 0.53, 'Tricyclo[2.2.1.0(2,6)]heptane, 1,7-dimethyl-7-(4-methyl-3-pentenyl)-, (-)-', 0.53, 'Bicyclo[2.2.1]heptane, 2-methyl-3-methylene-2-(4-methyl-3-pentenyl)-, (1S-endo)-', 0.51",121.0,357869.5001987291,25350.601967811584
2220.34399999998,Z-4-Dodecenol,"'3-Vinyl-1,2-dithiacyclohex-4-ene', 0.69, 'Furan, 2-[(methyldithio)methyl]-', 0.53, 'cis-3-Hexenyl isovalerate', 0.59, '3,6-Octadien-1-ol, 3,7-dimethyl-, (Z)-', 0.56, '2-Decenal, (Z)-', 0.52, '((1R,3R)-2,2-dimethyl-3-(2-methylprop-1-en-1-yl)cyclopropyl)methyl acetate', 0.54, '7-Oxabicyclo[4.1.0]heptane, 1-methyl-4-(2-methyloxiranyl)-', 0.54, 'Tridecane', 0.69, 'Undecanal', 0.51, '4-Methylpentyl 4-methylpentanoate', 0.52, 'Megastigma-4,6(E),8(Z)-triene', 0.59, '3-((3R)-2,3-Dimethyltricyclo[2.2.1.02,6]heptan-3-yl)propanal', 0.53, '7-epi-Silphiperfol-5-ene', 0.52, '2,7-Octadiene-1,6-diol, 2,6-dimethyl-', 0.59, '2(1H)-Naphthalenone, octahydro-8a-methyl-, trans-', 0.51, '1,2,4-Metheno-1H-indene, octahydro-1,7a-dimethyl-5-(1-methylethyl)-, [1S-(1alpha,2alpha,3abeta,4alpha,5alpha,7abeta,8S*)]-', 0.55, 'Ylangene', 0.53, '1H-Indene, 2,3,3a,4-tetrahydro-3,3a,6-trimethyl-1-(1-methylethyl)-', 0.62, '1,2,4-Methenoazulene, decahydro-1,5,5,8a-tetramethyl-, [1S-(1alpha,2alpha,3abeta,4alpha,8abeta,9R*)]-', 0.5, 'Copaene', 0.59, '4,7-Methanoazulene, 1,2,3,4,5,6,7,8-octahydro-1,4,9,9-tetramethyl-, [1S-(1alpha,4alpha,7alpha)]-', 0.52, 'beta-Panasinsene', 0.55, '1H-Cyclopenta[1,3]cyclopropa[1,2]benzene, octahydro-7-methyl-3-methylene-4-(1-methylethyl)-, [3aS-(3aalpha,3bbeta,4beta,7alpha,7aS*)]-', 0.64, '2-epi-alpha-Funebrene', 0.52, '2H-2,4a-Methanonaphthalene, 1,3,4,5,6,7-hexahydro-1,1,5,5-tetramethyl-, (2S)-', 0.5, 'Cyclohexane, 1-ethenyl-1-methyl-2,4-bis(1-methylethenyl)-, [1S-(1alpha,2beta,4beta)]-', 0.53, '1,4-Methano-1H-indene, octahydro-4-methyl-8-methylene-7-(1-methylethyl)-, [1S-(1alpha,3abeta,4alpha,7alpha,7abeta)]-', 0.51, 'Propanoic acid, 2-methyl-, 2-phenylethyl ester', 0.69, '1H-Cyclopropa[a]naphthalene, 1a,2,3,3a,4,5,6,7b-octahydro-1,1,3a,7-tetramethyl-, [1aR-(1aalpha,3aalpha,7balpha)]-', 0.59, '3H-3a,7-Methanoazulene, 2,4,5,6,7,8-hexahydro-1,4,9,9-tetramethyl-, [3aR-(3aalpha,4beta,7alpha)]-', 0.55, 'Di-epi-alpha-cedrene', 0.51, '1H-Cycloprop[e]azulene, 1a,2,3,4,4a,5,6,7b-octahydro-1,1,4,7-tetramethyl-, [1aR-(1aalpha,4alpha,4abeta,7balpha)]-', 0.55, 'Tricyclo[4.4.0.0(2,7)]decane, 1-methyl-3-methylene-8-(1-methylethyl)-, stereoisomer', 0.56, '1H-3a,7-Methanoazulene, octahydro-3,8,8-trimethyl-6-methylene-, [3R-(3alpha,3abeta,7beta,8aalpha)]-', 0.51, 'cis-Thujopsene', 0.5, '1H-Cyclopropa[a]naphthalene, 1a,2,3,5,6,7,7a,7b-octahydro-1,1,7,7a-tetramethyl-, [1aR-(1aalpha,7alpha,7aalpha,7balpha)]-', 0.52, '(1R,2S,6S,7S,8S)-8-Isopropyl-1-methyl-3-methylenetricyclo[4.4.0.02,7]decane-rel-', 0.53, 'alpha-Guaiene', 0.52, 'cis-beta-Farnesene', 0.54, 'beta-Phenylethyl butyrate', 0.55, '1,1,4,7-Tetramethyl-1a,2,3,4,6,7,7a,7b-octahydro-1H-cyclopropa[e]azulene', 0.54, '(E)-beta-Famesene', 0.53, 'Z-4-Dodecenol', 0.72, 'cis-Muurola-4(15),5-diene', 0.55",71.0,41125.33301437873,7389.373673655817
2262.98500000002,"Cyclohexasiloxane, dodecamethyl-","'Cyclohexasiloxane, dodecamethyl-', 0.84",341.0,206992.66973543377,22328.50404548645
2265.12400000002,"Benzene, (2-isothiocyanatoethyl)-","'Carbamodithioic acid, diethyl-, methyl ester', 0.56, 'Dimethyl phthalate', 0.57, 'Benzene, (2-isothiocyanatoethyl)-', 0.59",163.0,9076.514000525807,1949.2234382629395
2285.44699999998,"Benzenepropanoic acid, ethyl ester","'Propanoic acid, 2-methyl-, phenylmethyl ester', 0.51, 'Benzenepropanoic acid, ethyl ester', 0.54, 'Butyl benzoate', 0.52",178.0,36594.79985536655,3690.8444833755493
2387.65900000002,(Z)-3-Phenylacrylaldehyde,"'(Z)-3-Phenylacrylaldehyde', 0.73, 'Furan, 3-phenyl-', 0.55, 'Benzeneacetic acid, ethyl ester', 0.5, 'Edulan II', 0.52, '3-Mercaptohexyl acetate', 0.5, 'Cinnamaldehyde, (E)-', 0.61, '2-Propenal, 3-phenyl-', 0.62, 'Benzenemethanol, 2-methyl-, acetate', 0.61, '7-Oxabicyclo[4.1.0]heptane, 1-methyl-4-(2-methyloxiranyl)-', 0.53, 'Butanoic acid, heptyl ester', 0.66, 'Propanoic acid, 2-methyl-, phenylmethyl ester', 0.58, '2H-1-Benzopyran, 3,5,6,8a-tetrahydro-2,5,5,8a-tetramethyl-, trans-', 0.61, '1,4-Cyclohexadiene-1-methanol, 4-(1-methylethyl)-', 0.55, 'Butanoic acid, phenylmethyl ester', 0.51, 'Benzenepropanoic acid, ethyl ester', 0.56, '1-Cyclohexene-1-methanol, 4-(1-methylethenyl)-, formate', 0.51, '2,7-Octadiene-1,6-diol, 2,6-dimethyl-', 0.5, 'Propanoic acid, 2-methyl-, 2-phenylethyl ester', 0.6, 'Benzene, 1,4-dimethoxy-2-methyl-5-isopropyl-', 0.51",89.0,78961.96239416164,12986.021447181702
2412.621,Unknown,,84.0,88945.71747637668,22371.088125228882
2416.7800000000198,"1,3-Di((E)-prop-1-en-1-yl)trisulfane","'Furan, 3-phenyl-', 0.51, 'Phenol, 4-(2-propenyl)-', 0.59, '1-Cyclohexene-1-carboxaldehyde, 4-(1-methylethenyl)-', 0.53, 'Trisulfide, di-2-propenyl', 0.53, 'Hexyl n-valerate', 0.51, '2-Propen-1-ol, 3-phenyl-, (E)-', 0.53, '2-Propen-1-ol, 3-phenyl-', 0.51, '4,7,7-Trimethylbicyclo[4.1.0]hept-3-en-2-one', 0.55, '2H-1-Benzopyran, 3,5,6,8a-tetrahydro-2,5,5,8a-tetramethyl-, trans-', 0.57, '2-Cyclohexen-1-one, 3-methyl-6-(1-methylethylidene)-', 0.63, '1,3-Di((E)-prop-1-en-1-yl)trisulfane', 0.64, 'Benzeneacetamide', 0.53",116.0,3544.772183426967,1250.4501614040798
2431.33399999998,"2-Cyclohexen-1-one, 3-methyl-6-(1-methylethylidene)-","'2,4-Cycloheptadien-1-one, 2,6,6-trimethyl-', 0.57, 'Edulan II', 0.5, '1-Cyclohexene-1-carboxaldehyde, 4-(1-methylethenyl)-', 0.53, '4-Isopropylcyclohexa-1,3-dienecarbaldehyde', 0.52, '1,4-p-Menthadien-7-al', 0.52, 'p-Mentha-1,8-dien-7-ol', 0.52, '4,7,7-Trimethylbicyclo[4.1.0]hept-3-en-2-one', 0.52, '2H-1-Benzopyran, 3,5,6,8a-tetrahydro-2,5,5,8a-tetramethyl-, trans-', 0.59, '1,4-Cyclohexadiene-1-methanol, 4-(1-methylethyl)-', 0.56, '1,5,5-Trimethyl-6-methylene-cyclohexene', 0.53, '2-Cyclohexen-1-one, 3-methyl-6-(1-methylethylidene)-', 0.59, '3-((3R)-2,3-Dimethyltricyclo[2.2.1.02,6]heptan-3-yl)propanal', 0.53, '2-Buten-1-one, 1-(2,6,6-trimethyl-1,3-cyclohexadien-1-yl)-, (E)-', 0.55, 'Ionone', 0.5, '10,10-Dimethyl-2,6-dimethylenebicyclo[7.2.0]undecane', 0.5, 'Benzeneethanol, 4-hydroxy-', 0.57, 'Bicyclo[2.2.1]heptane, 2-methyl-3-methylene-2-(4-methyl-3-pentenyl)-, (1S-exo)-', 0.54",121.0,41303.8474666612,6786.718333244324
2435.4919999999797,2-n-Octylfuran,"'2-n-Octylfuran', 0.6",67.0,243856.43700554987,26008.628255208332
2456.283,"2H-1-Benzopyran, 3,5,6,8a-tetrahydro-2,5,5,8a-tetramethyl-, trans-","'Edulan II', 0.54, '4-Thujen-2-alpha-yl acetate', 0.52, '1,4-p-Menthadien-7-al', 0.5, '7-Oxabicyclo[4.1.0]heptane, 1-methyl-4-(2-methyloxiranyl)-', 0.54, '2-Undecanone', 0.52, '2(3H)-Furanone, 5-acetyldihydro-', 0.51, '2H-1-Benzopyran, 3,5,6,8a-tetrahydro-2,5,5,8a-tetramethyl-, trans-', 0.63, '3-((3R)-2,3-Dimethyltricyclo[2.2.1.02,6]heptan-3-yl)propanal', 0.54, '1-Cyclohexene-1-methanol, 4-(1-methylethenyl)-, formate', 0.5, '10-Undecenoic acid, methyl ester', 0.53",128.0,17588.712314184348,2926.414561986923
2479.1910000000003,Unknown,,133.0,29123.83158255887,3621.47802734375
2502.177,"Hexane, 1,1'-oxybis-","""Hexane, 1,1'-oxybis-"", 0.64, 'Hexyl n-valerate', 0.56, '2(3H)-Furanone, 5-acetyldihydro-', 0.59, '2(3H)-Furanone, dihydro-5-pentyl-', 0.55, '2(3H)-Furanone, 5-hexyldihydro-', 0.58",41.0,329555.09654704126,48119.68669509888
2506.3849999999798,2-epi-alpha-Funebrene,"'alpha-Cubebene', 0.58, 'Copaene', 0.53, '2-epi-alpha-Funebrene', 0.67, '(1S,5S)-2-Methyl-5-((R)-6-methylhept-5-en-2-yl)bicyclo[3.1.0]hex-2-ene', 0.55, '(1R,3aR,4aR,8aR)-1,4,4,6-Tetramethyl-1,2,3,3a,4,4a,7,8-octahydrocyclopenta[1,4]cyclobuta[1,2]benzene', 0.62, 'Di-epi-alpha-cedrene', 0.54, '(1R,3aS,4aS,8aS)-1,4,4,6-Tetramethyl-1,2,3,3a,4,4a,7,8-octahydrocyclopenta[1,4]cyclobuta[1,2]benzene', 0.61, '1H-3a,7-Methanoazulene, 2,3,4,7,8,8a-hexahydro-3,6,8,8-tetramethyl-, [3R-(3alpha,3abeta,7beta,8aalpha)]-', 0.62, 'Bicyclo[3.1.1]hept-2-ene, 2,6-dimethyl-6-(4-methyl-3-pentenyl)-', 0.53, 'cis-muurola-3,5-diene', 0.6, '(1S,4S,4aS)-1-Isopropyl-4,7-dimethyl-1,2,3,4,4a,5-hexahydronaphthalene', 0.55, '1-Methyl-4-(6-methylhept-5-en-2-yl)cyclohexa-1,3-diene', 0.54, '1,3-Cyclohexadiene, 5-(1,5-dimethyl-4-hexenyl)-2-methyl-, [S-(R*,S*)]-', 0.58, '(R)-1-Methyl-4-(6-methylhept-5-en-2-yl)cyclohexa-1,4-diene', 0.57, 'Cubenene', 0.6, 'Naphthalene, 1,2,3,4,4a,7-hexahydro-1,6-dimethyl-4-(1-methylethyl)-', 0.53",119.0,58900.72361672777,10588.832530975342
2529.51700000002,Unknown,,192.0,9480.446280284139,1910.445494890213
2535.765,alpha-Bourbonene,"'2H-1-Benzopyran, 3,5,6,8a-tetrahydro-2,5,5,8a-tetramethyl-, trans-', 0.6, 'Megastigma-4,6(E),8(Z)-triene', 0.53, 'alpha-Cubebene', 0.58, 'Tricyclo[5.4.0.0(2,8)]undec-9-ene, 2,6,6,9-tetramethyl-, (1R,2S,7R,8R)-', 0.54, 'Pyridine, 3-(1-methyl-2-pyrrolidinyl)-, (S)-', 0.52, '1,2,4-Metheno-1H-indene, octahydro-1,7a-dimethyl-5-(1-methylethyl)-, [1S-(1alpha,2alpha,3abeta,4alpha,5alpha,7abeta,8S*)]-', 0.56, 'Ylangene', 0.55, '1H-Indene, 2,3,3a,4-tetrahydro-3,3a,6-trimethyl-1-(1-methylethyl)-', 0.58, 'Benzene, 1,2-(methylenedioxy)-4-propenyl-, (E)-', 0.52, '1,2,4-Methenoazulene, decahydro-1,5,5,8a-tetramethyl-, [1S-(1alpha,2alpha,3abeta,4alpha,8abeta,9R*)]-', 0.55, 'isoledene', 0.56, 'Copaene', 0.54, '(-)-beta-Bourbonene', 0.54, 'alpha-Bourbonene', 0.76, '2-Buten-1-one, 1-(2,6,6-trimethyl-1,3-cyclohexadien-1-yl)-, (E)-', 0.59, '(1R,3aS,5aS,8aR)-1,3a,4,5a-Tetramethyl-1,2,3,3a,5a,6,7,8-octahydrocyclopenta[c]pentalene', 0.54, '1H-Cyclopenta[1,3]cyclopropa[1,2]benzene, octahydro-7-methyl-3-methylene-4-(1-methylethyl)-, [3aS-(3aalpha,3bbeta,4beta,7alpha,7aS*)]-', 0.53, '2-epi-alpha-Funebrene', 0.52, '2H-2,4a-Methanonaphthalene, 1,3,4,5,6,7-hexahydro-1,1,5,5-tetramethyl-, (2S)-', 0.53, '(1S,5S)-2-Methyl-5-((R)-6-methylhept-5-en-2-yl)bicyclo[3.1.0]hex-2-ene', 0.53, 'Cyclohexane, 1-ethenyl-1-methyl-2,4-bis(1-methylethenyl)-, [1S-(1alpha,2beta,4beta)]-', 0.59, '(1R,3aR,4aR,8aR)-1,4,4,6-Tetramethyl-1,2,3,3a,4,4a,7,8-octahydrocyclopenta[1,4]cyclobuta[1,2]benzene', 0.5, '1,4-Methano-1H-indene, octahydro-4-methyl-8-methylene-7-(1-methylethyl)-, [1S-(1alpha,3abeta,4alpha,7alpha,7abeta)]-', 0.54, 'Di-epi-alpha-cedrene', 0.51, '(1R,5R)-2-Methyl-5-((R)-6-methylhept-5-en-2-yl)bicyclo[3.1.0]hex-2-ene', 0.54, 'beta-Longipinene', 0.62, 'Longifolene', 0.54, 'Bicyclo[7.2.0]undec-4-ene, 4,11,11-trimethyl-8-methylene-,[1R-(1R*,4Z,9S*)]-', 0.63, 'cis-alpha-Bergamotene', 0.57, 'Caryophyllene', 0.59, 'Tricyclo[2.2.1.0(2,6)]heptane, 1,7-dimethyl-7-(4-methyl-3-pentenyl)-, (-)-', 0.62, 'Tricyclo[4.4.0.0(2,7)]decane, 1-methyl-3-methylene-8-(1-methylethyl)-, stereoisomer', 0.53, '1H-3a,7-Methanoazulene, octahydro-3,8,8-trimethyl-6-methylene-, [3R-(3alpha,3abeta,7beta,8aalpha)]-', 0.5, '3-Buten-2-ol, 4-(2,6,6-trimethyl-1-cyclohexen-1-yl)-', 0.57, 'cis-Thujopsene', 0.62, '1H-Cyclopropa[a]naphthalene, 1a,2,3,5,6,7,7a,7b-octahydro-1,1,7,7a-tetramethyl-, [1aR-(1aalpha,7alpha,7aalpha,7balpha)]-', 0.55, '(1R,2S,6S,7S,8S)-8-Isopropyl-1-methyl-3-methylenetricyclo[4.4.0.02,7]decane-rel-', 0.51, '2-Butanone, 4-(2,6,6-trimethyl-1-cyclohexen-1-yl)-', 0.52, 'gamma-Elemene', 0.59, 'Bicyclo[3.1.1]hept-2-ene, 2,6-dimethyl-6-(4-methyl-3-pentenyl)-', 0.63, 'Erucin', 0.52, 'alpha-Guaiene', 0.56, 'Aromandendrene', 0.54, '10,10-Dimethyl-2,6-dimethylenebicyclo[7.2.0]undecane', 0.58, 'beta-Humulene', 0.55, 'alpha-Maaliene', 0.56, 'cis-beta-Farnesene', 0.56, '1,1,4,7-Tetramethyl-1a,2,3,4,6,7,7a,7b-octahydro-1H-cyclopropa[e]azulene', 0.54, '(1S,4aR,7R)-1,4a-Dimethyl-7-(prop-1-en-2-yl)-1,2,3,4,4a,5,6,7-octahydronaphthalene', 0.63, 'Bicyclo[2.2.1]heptane, 2-methyl-3-methylene-2-(4-methyl-3-pentenyl)-, (1S-endo)-', 0.64, '1H-Benzocycloheptene, 2,4a,5,6,7,8,9,9a-octahydro-3,5,5-trimethyl-9-methylene-, (4aS-cis)-', 0.53, '1-Cyclohexene-1-propanol, alpha,2,6,6-tetramethyl-', 0.54, '5,9-Undecadien-2-one, 6,10-dimethyl-, (E)-', 0.51, 'cis-muurola-3,5-diene', 0.54, 'Humulene', 0.6, '(E)-beta-Famesene', 0.55, 'Alloaromadendrene', 0.58, 'Bicyclo[2.2.1]heptane, 2-methyl-3-methylene-2-(4-methyl-3-pentenyl)-, (1S-exo)-', 0.65, 'Cyclohexene, 6-ethenyl-6-methyl-1-(1-methylethyl)-3-(1-methylethylidene)-, (S)-', 0.53, 'cis-Muurola-4(15),5-diene', 0.5, '(1S,5S)-4-Methylene-1-((R)-6-methylhept-5-en-2-yl)bicyclo[3.1.0]hexane', 0.53, '(1R,9R,E)-4,11,11-Trimethyl-8-methylenebicyclo[7.2.0]undec-4-ene', 0.6, 'Spiro[4.5]dec-7-ene, 1,8-dimethyl-4-(1-methylethenyl)-, [1S-(1alpha,4beta,5alpha)]-', 0.64, 'Cyclohexane, 1-ethenyl-1-methyl-2-(1-methylethenyl)-4-(1-methylethylidene)-', 0.55, 'Azulene, 1,2,3,3a,4,5,6,7-octahydro-1,4-dimethyl-7-(1-methylethenyl)-, [1R-(1alpha,3abeta,4alpha,7beta)]-', 0.51, '(1R,4S,5S)-1,8-Dimethyl-4-(prop-1-en-2-yl)spiro[4.5]dec-7-ene', 0.51, '(4R,4aS,6S)-4,4a-Dimethyl-6-(prop-1-en-2-yl)-1,2,3,4,4a,5,6,7-octahydronaphthalene', 0.61, 'gamma-Muurolene', 0.51, 'cis-(-)-2,4a,5,6,9a-Hexahydro-3,5,5,9-tetramethyl(1H)benzocycloheptene', 0.63, 'Germacrene D', 0.63, '1-Isopropyl-4,7-dimethyl-1,2,3,4,5,6-hexahydronaphthalene', 0.54, '(1R,4aS,8aR)-1-Isopropyl-4,7-dimethyl-1,2,4a,5,6,8a-hexahydronaphthalene', 0.54, 'trans-beta-Ionone', 0.55, 'Naphthalene, decahydro-4a-methyl-1-methylene-7-(1-methylethenyl)-, [4aR-(4aalpha,7alpha,8abeta)]-', 0.53, '1,3,6,10-Dodecatetraene, 3,7,11-trimethyl-, (Z,E)-', 0.51, '(E,Z)-alpha-Farnesene', 0.6, 'Bicyclogermacrene', 0.6, 'Naphthalene, 1,2,3,5,6,7,8,8a-octahydro-1,8a-dimethyl-7-(1-methylethenyl)-, [1S-(1alpha,7alpha,8aalpha)]-', 0.52, '(Z,Z)-alpha-Farnesene', 0.55, 'cis-alpha-Bisabolene', 0.6, 'alpha-Farnesene', 0.62, '(3S,3aR,3bR,4S,7R,7aR)-4-Isopropyl-3,7-dimethyloctahydro-1H-cyclopenta[1,3]cyclopropa[1,2]benzen-3-ol', 0.6, '(1S,2R,5R)-2-Methyl-5-((R)-6-methylhept-5-en-2-yl)bicyclo[3.1.0]hexan-2-ol', 0.52",161.0,13267.931603410525,2456.6160748004913
2562.84199999998,"2H-1-Benzopyran, 3,5,6,8a-tetrahydro-2,5,5,8a-tetramethyl-, trans-_analogue","'2H-1-Benzopyran, 3,5,6,8a-tetrahydro-2,5,5,8a-tetramethyl-, trans-', 0.61, 'trans-beta-Ionone', 0.5",192.0,10808.879533461886,2050.5407149791718
2573.32300000002,"3-Buten-2-one, 4-(2,2,6-trimethyl-7-oxabicyclo[4.1.0]hept-1-yl)-","'Carbamodithioic acid, diethyl-, methyl ester', 0.55, 'Benzoic acid, 2-amino-, ethyl ester', 0.52, '2,5-di-tert-Butyl-1,4-benzoquinone', 0.52, '3-Buten-2-one, 4-(2,2,6-trimethyl-7-oxabicyclo[4.1.0]hept-1-yl)-', 0.72, '7,8-Epoxy-alpha-ionone', 0.59, 'Benzene, 1,2,3-trimethoxy-5-(2-propenyl)-', 0.57",165.0,12001.189225567305,1667.9972009658813
2590.16500000002,"Pentadecane, 6-methyl-","'2-Undecanone', 0.52, 'p-Menthane-3,8-diol, cis-1,3,trans-1,4-', 0.51, '1,6-Octadien-3-ol, 3,7-dimethyl-, propanoate', 0.53, 'Tridecane, 4-methyl-', 0.5, '2,6-Octadien-1-ol, 3,7-dimethyl-, acetate, (Z)-', 0.5, '2-Undecanol, acetate', 0.56, '1-Cyclohexene-1-propanol, alpha,2,6,6-tetramethyl-', 0.55, '2,5-di-tert-Butyl-1,4-benzoquinone', 0.58, '2,5-Cyclohexadiene-1,4-dione, 2,6-bis(1,1-dimethylethyl)-', 0.55, '5-Methyl-2-phenyl-2-hexenal', 0.53, '3,5,9-Undecatrien-2-one, 6,10-dimethyl-, (E,Z)-', 0.56, 'Pentadecane, 6-methyl-', 0.6",155.0,8725.063184668992,1928.494885444641
2592.27,Unknown,,192.0,39571.06022741202,3932.4865899086
2594.38600000002,Lavandulyl propionate,"'2,6-Octadien-1-ol, 3,7-dimethyl-, formate, (Z)-', 0.51, '3-Cyclohexene-1-methanethiol, alpha,alpha,4-trimethyl-', 0.59, 'Bicyclo[2.2.1]heptan-2-ol, 1,7,7-trimethyl-, acetate, (1S-endo)-', 0.53, 'Isopulegol acetate', 0.55, 'Bornyl acetate', 0.52, '((1R,3R)-2,2-dimethyl-3-(2-methylprop-1-en-1-yl)cyclopropyl)methyl acetate', 0.61, 'Isobornyl acetate', 0.53, '4-Hexen-1-ol, 5-methyl-2-(1-methylethenyl)-, acetate, (R)-', 0.54, '3-Cyclohexene-1-ethanol, beta,4-dimethyl-', 0.5, '4-Terpinenyl acetate', 0.62, 'Dihydrocarvyl acetate', 0.62, '1,6-Octadien-3-ol, 3,7-dimethyl-, propanoate', 0.59, '1,5,5-Trimethyl-6-methylene-cyclohexene', 0.68, 'alpha-Terpinyl acetate', 0.7, '2,6-Octadien-1-ol, 3,7-dimethyl-, acetate, (Z)-', 0.66, 'Linalyl isobutyrate', 0.62, 'Lavandulyl propionate', 0.73, 'Geranyl acetate', 0.65, 'Isobornyl propionate', 0.58, 'Benzeneacetamide', 0.57, '1,5-Dimethyl-1-vinyl-4-hexenyl butyrate', 0.61, 'alpha-Ionone', 0.6, 'Ionone', 0.51, '2,6-Octadien-1-ol, 3,7-dimethyl-, propanoate, (Z)-', 0.68, ""Acetophenone, 4'-hydroxy-"", 0.68, 'Cyclohexane, 1-ethenyl-1-methyl-2-(1-methylethenyl)-4-(1-methylethylidene)-', 0.54, 'Geranyl propionate', 0.67, 'Propanoic acid, 2-methyl-, 3,7-dimethyl-2,6-octadienyl ester, (Z)-', 0.66, '(R)-5-Methyl-2-(prop-1-en-2-yl)hex-4-en-1-yl 3-methylbutanoate', 0.64, 'Pentanoic acid, 1-ethenyl-1,5-dimethyl-4-hexenyl ester', 0.7, 'Butanoic acid, 3,7-dimethyl-2,6-octadienyl ester, (E)-', 0.53",121.0,395872.78742031736,35509.567098617554
2617.662,"Benzeneacetaldehyde, alpha-ethylidene-","'Benzeneacetaldehyde, alpha-ethylidene-', 0.68, 'Anethole', 0.59, '3-Buten-2-one, 4-phenyl-, (E)-', 0.61, 'Silphiperfola-4,7(14)-diene', 0.53, '(1R,3aS,5aS,8aR)-1,3a,4,5a-Tetramethyl-1,2,3,3a,5a,6,7,8-octahydrocyclopenta[c]pentalene', 0.56, 'Cyclohexane, 1-ethenyl-1-methyl-2,4-bis(1-methylethenyl)-, [1S-(1alpha,2beta,4beta)]-', 0.56, 'Methyleugenol', 0.61, 'beta-Longipinene', 0.51, 'Bicyclo[7.2.0]undec-4-ene, 4,11,11-trimethyl-8-methylene-,[1R-(1R*,4Z,9S*)]-', 0.51, '3-Buten-2-ol, 4-(2,6,6-trimethyl-1-cyclohexen-1-yl)-', 0.52, 'alpha-Guaiene', 0.56, 'Coumarin', 0.64, '(1S,4aR,7R)-1,4a-Dimethyl-7-(prop-1-en-2-yl)-1,2,3,4,4a,5,6,7-octahydronaphthalene', 0.52, '1-Cyclohexene-1-propanol, alpha,2,6,6-tetramethyl-', 0.53, 'Benzene, 1,2-dimethoxy-4-propenyl-, (Z)-', 0.55, '1(2H)-Naphthalenone, 3,4-dihydro-', 0.56, 'Bicyclo[2.2.1]heptane, 2-methyl-3-methylene-2-(4-methyl-3-pentenyl)-, (1S-exo)-', 0.53, '(1R,9R,E)-4,11,11-Trimethyl-8-methylenebicyclo[7.2.0]undec-4-ene', 0.55, 'Spiro[4.5]dec-7-ene, 1,8-dimethyl-4-(1-methylethenyl)-, [1S-(1alpha,4beta,5alpha)]-', 0.57, '3-Buten-2-one, 4-(2,2,6-trimethyl-7-oxabicyclo[4.1.0]hept-1-yl)-', 0.66, '7,8-Epoxy-alpha-ionone', 0.6, '(1R,4S,5S)-1,8-Dimethyl-4-(prop-1-en-2-yl)spiro[4.5]dec-7-ene', 0.51, '(4R,4aS,6S)-4,4a-Dimethyl-6-(prop-1-en-2-yl)-1,2,3,4,4a,5,6,7-octahydronaphthalene', 0.51, '4-(2,6,6-Trimethylcyclohexa-1,3-dienyl)but-3-en-2-one', 0.51, 'Benzyl tiglate', 0.52, 'Benzene, 1,2-dimethoxy-4-(1-propenyl)-, (E)-', 0.54, 'Tetrasulfide, di-2-propenyl', 0.51, 'Sesquirosefuran', 0.59",147.0,27086.51698838938,2995.9865334033966
2632.47400000002,"Furan, 3,3'-dithiobis[2-methyl-","'Benzene, 1,4-dimethoxy-2-methyl-5-isopropyl-', 0.5, '3-Buten-2-ol, 4-(2,6,6-trimethyl-1-cyclohexen-1-yl)-', 0.63, '2-Butanone, 4-(2,6,6-trimethyl-1-cyclohexen-1-yl)-', 0.58, '5,9-Undecadien-2-one, 6,10-dimethyl-, (Z)-', 0.52, '5,9-Undecadien-2-one, 6,10-dimethyl-, (E)-', 0.56, 'Dimethyl phthalate', 0.51, ""Furan, 3,3'-dithiobis[2-methyl-"", 0.64, 'Benzene, 1,2,3-trimethoxy-5-(2-propenyl)-', 0.52",194.0,5990.786191869112,839.3312903642654
2638.71199999998,Dodecanal,"'Benzenemethanol, 2-methyl-, acetate', 0.51, 'Undecanal', 0.59, '1,4-Cyclohexadiene-1-methanol, 4-(1-methylethyl)-', 0.59, '2-Cyclohexen-1-one, 3-methyl-6-(1-methylethylidene)-', 0.52, 'Geranic acid', 0.56, 'alpha-Bourbonene', 0.53, 'Dodecanal', 0.65, '10-Undecenoic acid, methyl ester', 0.53, '3-Buten-2-ol, 4-(2,6,6-trimethyl-1-cyclohexen-1-yl)-', 0.52, 'cis-Thujopsene', 0.51, 'Bicyclo[3.1.1]hept-2-ene, 2,6-dimethyl-6-(4-methyl-3-pentenyl)-', 0.52, '(1S,4aR,7R)-1,4a-Dimethyl-7-(prop-1-en-2-yl)-1,2,3,4,4a,5,6,7-octahydronaphthalene', 0.51, 'Bicyclo[2.2.1]heptane, 2-methyl-3-methylene-2-(4-methyl-3-pentenyl)-, (1S-endo)-', 0.53, '2,6-Dodecadien-1-al', 0.56, '1-Cyclohexene-1-propanol, alpha,2,6,6-tetramethyl-', 0.57, '5,9-Undecadien-2-one, 6,10-dimethyl-, (E)-', 0.53, 'Cyclohexane, 1-(1,5-dimethylhexyl)-4-methyl-', 0.61, 'Bicyclo[2.2.1]heptane, 2-methyl-3-methylene-2-(4-methyl-3-pentenyl)-, (1S-exo)-', 0.58, '2-Dodecenal', 0.52, 'Spiro[4.5]dec-7-ene, 1,8-dimethyl-4-(1-methylethenyl)-, [1S-(1alpha,4beta,5alpha)]-', 0.51, 'Cyclohexane, 1-ethenyl-1-methyl-2-(1-methylethenyl)-4-(1-methylethylidene)-', 0.57, '7,8-Epoxy-alpha-ionone', 0.53, 'cis-(-)-2,4a,5,6,9a-Hexahydro-3,5,5,9-tetramethyl(1H)benzocycloheptene', 0.5, '(Z,Z)-alpha-Farnesene', 0.59, 'alpha-Farnesene', 0.55, 'trans-Calamenene', 0.55, 'Benzene, 1,2,3-trimethoxy-5-(2-propenyl)-', 0.52, '(3aR,3bS,6S,6aR,6bS)-6-Isopropyl-3b-methyloctahydrocyclobuta[1,2:3,4]di[5]annulen-1(2H)-one', 0.55",123.0,5337.784401302737,851.4652959842224
2696.94499999998,"5,9-Undecadien-2-one, 6,10-dimethyl-, (E)-","'5,9-Undecadien-2-one, 6,10-dimethyl-, (Z)-', 0.59, '5,9-Undecadien-2-one, 6,10-dimethyl-, (E)-', 0.71, '5,9-Undecadien-2-one, 6,10-dimethyl-', 0.66, 'Cyclohexane, 1-ethenyl-1-methyl-2-(1-methylethenyl)-4-(1-methylethylidene)-', 0.51",41.0,5264564.730285413,563102.9114379883
2728.18099999998,"2,5-di-tert-Butyl-1,4-benzoquinone","'2,5-di-tert-Butyl-1,4-benzoquinone', 0.75, '2,5-Cyclohexadiene-1,4-dione, 2,6-bis(1,1-dimethylethyl)-', 0.65, 'Butylated Hydroxytoluene', 0.57",71.0,78441.66383028206,15086.451072692871
2732.346,"5,9-Undecadien-2-one, 6,10-dimethyl-, (E)-_analogue","'Bicyclo[7.2.0]undec-4-ene, 4,11,11-trimethyl-8-methylene-,[1R-(1R*,4Z,9S*)]-', 0.51, '3-Buten-2-ol, 4-(2,6,6-trimethyl-1-cyclohexen-1-yl)-', 0.58, '5,9-Undecadien-2-one, 6,10-dimethyl-, (Z)-', 0.58, '5,9-Undecadien-2-one, 6,10-dimethyl-, (E)-', 0.66, '5,9-Undecadien-2-one, 6,10-dimethyl-', 0.6, 'Propanoic acid, 2-methyl-, 3,7-dimethyl-2,6-octadienyl ester, (Z)-', 0.51, '(E,Z)-alpha-Farnesene', 0.55, 'cis-alpha-Bisabolene', 0.53, '3,5,9-Undecatrien-2-one, 6,10-dimethyl-, (E,Z)-', 0.54, 'Caryophyllene oxide', 0.53, 'Isoaromadendrene epoxide', 0.54",177.0,1801.6366125712066,580.5101283788681
2794.65,"2,4-Dodecadienal, (E,E)-","'10-Undecenoic acid, methyl ester', 0.53, '3-Buten-2-ol, 4-(2,6,6-trimethyl-1-cyclohexen-1-yl)-', 0.57, '2-Butanone, 4-(2,6,6-trimethyl-1-cyclohexen-1-yl)-', 0.53, '5,9-Undecadien-2-one, 6,10-dimethyl-, (Z)-', 0.53, '2,6-Dodecadien-1-al', 0.55, '5,9-Undecadien-2-one, 6,10-dimethyl-, (E)-', 0.55, '5,9-Undecadien-2-one, 6,10-dimethyl-', 0.52, '7,8-Epoxy-alpha-ionone', 0.55, 'Tridecanal', 0.52, '2,4-Dodecadienal, (E,E)-', 0.61, '(1S,2R,5R)-2-Methyl-5-((R)-6-methylhept-5-en-2-yl)bicyclo[3.1.0]hexan-2-ol', 0.58, 'Nerolidol', 0.5, 'Sesquirosefuran', 0.52, '1,6,10-Dodecatrien-3-ol, 3,7,11-trimethyl-, (E)-', 0.51, '1,6,10-Dodecatrien-3-ol, 3,7,11-trimethyl-', 0.51, '4aH-Cycloprop[e]azulen-4a-ol, decahydro-1,1,4,7-tetramethyl-, [1aR-(1aalpha,4beta,4abeta,7alpha,7abeta,7balpha)]-', 0.52, 'trans-Sesquisabinene hydrate', 0.51, 'Caryophyllene oxide', 0.56, 'Isoaromadendrene epoxide', 0.51",151.0,1808.3850381234531,513.7733800089725
2802.99499999998,trans-beta-Ionone,"'Ionone', 0.56, 'trans-beta-Ionone', 0.71, '3,5,9-Undecatrien-2-one, 6,10-dimethyl-, (E,Z)-', 0.5",123.0,2843201.0309148678,403988.62393188477
2846.80300000002,"2(3H)-Furanone, dihydro-5-pentyl-","'2(3H)-Furanone, dihydro-5-pentyl-', 0.6, '2(3H)-Furanone, 5-hexyldihydro-', 0.6",57.0,150091.92754094832,28698.928565979004
2865.65200000002,"1-Decanol, 2-hexyl-","'Tridecane, 4-methyl-', 0.54, 'Undecanal, 2-methyl-', 0.56, 'Butanoic acid, 2-methyl-, phenylmethyl ester', 0.56, 'Pentanoic acid, phenylmethyl ester', 0.52, 'Dodecanal', 0.52, '4a(2H)-Naphthalenol, octahydro-4,8a-dimethyl-,(4alpha,4aalpha,8abeta)-', 0.52, '6-Methyl-4-heptenyl pentanoate', 0.57, '2-Dodecenal', 0.54, '2-Dodecenal, (E)-', 0.52, '1-Decanol, 2-hexyl-', 0.63, 'Tridecanal', 0.61, '2,4-Dodecadienal, (E,E)-', 0.52, 'Tetradecane, 2,6,10-trimethyl-', 0.61, 'Pentadecane, 6-methyl-', 0.6, '2-Tridecenal, (E)-', 0.53, 'Caryophyllene oxide', 0.51, 'Cetene', 0.5",57.0,454000.9205204733,83216.89513397217
2897.03599999998,trans-Cinnamic acid,"'2-Propenoic acid, 3-phenyl-', 0.57, 'trans-Cinnamic acid', 0.57",147.0,232550.4565779597,40115.164001464844
2915.77399999998,"2,4-Di-tert-butylphenol","'Butanoic acid, 2-methyl-, phenylmethyl ester', 0.52, 'Butanoic acid, 3-methyl-, phenylmethyl ester', 0.53, 'Pentanoic acid, phenylmethyl ester', 0.54, 'Benzenemethanol, 4-(1-methylethyl)-, acetate', 0.51, 'trans-beta-Ionone', 0.51, 'Phenol, 2,5-bis(1,1-dimethylethyl)-', 0.63, '2,4-Di-tert-butylphenol', 0.79, '1,3-Benzodioxole, 4-methoxy-6-(2-propenyl)-', 0.7, '3,5,9-Undecatrien-2-one, 6,10-dimethyl-, (E,Z)-', 0.52",192.0,3816023.5405164445,547943.6880493164
2948.0339999999997,"Benzoic acid, hexyl ester","'1-Cyclohexene-1-propanol, alpha,2,6,6-tetramethyl-', 0.5, 'Benzoic acid, pentyl ester', 0.61, '2,5-di-tert-Butyl-1,4-benzoquinone', 0.59, '2,5-Cyclohexadiene-1,4-dione, 2,6-bis(1,1-dimethylethyl)-', 0.53, 'Butylated Hydroxytoluene', 0.56, 'Phenol, 2,5-bis(1,1-dimethylethyl)-', 0.6, '2,4-Di-tert-butylphenol', 0.66, '1,3-Benzodioxole, 4-methoxy-6-(2-propenyl)-', 0.5, 'Phenol, 2-methoxy-4-(2-propenyl)-, acetate', 0.51, '3,5,9-Undecatrien-2-one, 6,10-dimethyl-, (E,Z)-', 0.53, 'Hexanoic acid, phenylmethyl ester', 0.54, 'Sesquirosefuran', 0.5, '(3aR,3bS,6S,6aR,6bS)-6-Isopropyl-3b-methyloctahydrocyclobuta[1,2:3,4]di[5]annulen-1(2H)-one', 0.62, 'Benzoic acid, hexyl ester', 0.7",206.0,11082.061256147184,2266.901403427124
3016.88899999998,"Disulfide, 1-(1-propenylthio)propyl propyl_analogue","'Disulfide, 1-(1-propenylthio)propyl propyl', 0.6, '1,3-Benzodioxole, 4,5-dimethoxy-6-(2-propenyl)-', 0.59, 'Apiol', 0.5",222.0,3082.501434574007,742.7648763656616
3019.01800000002,"(3E,7E)-4,8,12-Trimethyltrideca-1,3,7,11-tetraene","'3-Buten-2-one, 4-(2,2,6-trimethyl-7-oxabicyclo[4.1.0]hept-1-yl)-', 0.57, '3,5,9-Undecatrien-2-one, 6,10-dimethyl-, (E,Z)-', 0.53, '(3E,7E)-4,8,12-Trimethyltrideca-1,3,7,11-tetraene', 0.66, '1-((1R,2R,3R)-2-(3-Isopropylfuran-2-yl)-3-methylcyclopentyl)ethanone', 0.56, 'E-2-Hexenyl benzoate', 0.6, 'Isoaromadendrene epoxide', 0.52, 'Disulfide, 1-(1-propenylthio)propyl propyl', 0.6, '1H-Benzocyclohepten-7-ol, 2,3,4,4a,5,6,7,8-octahydro-1,1,4a,7-tetramethyl-, cis-', 0.54, '3-Hydroxy-beta-damascone', 0.53",223.0,4125.777115978469,904.5124172634548
3029.66500000002,"Disulfide, 1-(1-propenylthio)propyl propyl","'Disulfide, 1-(1-propenylthio)propyl propyl', 0.71, '2-((3R,3aR,3bS,4R,7R,7aS)-3,7-Dimethyloctahydro-1H-cyclopenta[1,3]cyclopropa[1,2]benzen-4-yl)propan-2-ol', 0.52, '1H-Benzocyclohepten-7-ol, 2,3,4,4a,5,6,7,8-octahydro-1,1,4a,7-tetramethyl-, cis-', 0.59, '1,3-Benzodioxole, 4,5-dimethoxy-6-(2-propenyl)-', 0.53",222.0,1729.2617789333456,453.9204902648926
3178.52299999998,"Phenol, 4-ethenyl-2,6-dimethoxy-","'trans-alpha-Bergamotene', 0.54, 'Bicyclo[3.1.1]hept-2-ene, 2,6-dimethyl-6-(4-methyl-3-pentenyl)-', 0.53, '10,10-Dimethyl-2,6-dimethylenebicyclo[7.2.0]undecane', 0.51, '(S,E)-2,5-Dimethyl-4-vinylhexa-2,5-dien-1-yl acetate', 0.54, 'Dimethyl phthalate', 0.51, 'Bicyclo[2.2.1]heptane, 2-methyl-3-methylene-2-(4-methyl-3-pentenyl)-, (1S-exo)-', 0.55, 'Spiro[4.5]dec-7-ene, 1,8-dimethyl-4-(1-methylethenyl)-, [1S-(1alpha,4beta,5alpha)]-', 0.51, 'Phenol, 3-(1,1-dimethylethyl)-4-methoxy-', 0.62, '1,3,6,10-Dodecatetraene, 3,7,11-trimethyl-, (Z,E)-', 0.56, 'Benzene, 1,2-dimethoxy-4-(1-propenyl)-', 0.61, 'Benzaldehyde, 3,4-dimethoxy-', 0.54, '(5R,10R)-10-Methyl-6-methylene-2-(propan-2-ylidene)spiro[4.5]dec-7-ene', 0.56, 'Benzene, 1,2-dimethoxy-4-(1-propenyl)-, (E)-', 0.66, 'alpha-Farnesene', 0.55, '(3S,3aR,3bR,4S,7R,7aR)-4-Isopropyl-3,7-dimethyloctahydro-1H-cyclopenta[1,3]cyclopropa[1,2]benzen-3-ol', 0.51, '1,3-Benzodioxole, 4-methoxy-6-(2-propenyl)-', 0.61, 'Sobrerol 8-acetate', 0.53, '3,5,9-Undecatrien-2-one, 6,10-dimethyl-, (E,Z)-', 0.59, '(8R,8aS)-8,8a-Dimethyl-2-(propan-2-ylidene)-1,2,3,7,8,8a-hexahydronaphthalene', 0.54, '(1S,2R,5R)-2-Methyl-5-((R)-6-methylhept-5-en-2-yl)bicyclo[3.1.0]hexan-2-ol', 0.58, 'Nerolidol', 0.53, '6-Isobutyryl-2,2,4,4-tetramethylcyclohexane-1,3,5-trione', 0.57, 'Sesquirosefuran', 0.57, 'Phenol, 4-ethenyl-2,6-dimethoxy-', 0.69, '(3aR,3bS,6S,6aR,6bS)-6-Isopropyl-3b-methyloctahydrocyclobuta[1,2:3,4]di[5]annulen-1(2H)-one', 0.55, '1,6,10-Dodecatrien-3-ol, 3,7,11-trimethyl-, (E)-', 0.55, '1,6,10-Dodecatrien-3-ol, 3,7,11-trimethyl-', 0.59, '2-Tridecenal, (E)-', 0.5, '8-Acetoxycarvotanacetone', 0.63, '(2E,4S,7E)-4-Isopropyl-1,7-dimethylcyclodeca-2,7-dienol', 0.55, 'Furan, 3-(4,8-dimethyl-3,7-nonadienyl)-, (E)-', 0.51, '(3E,7E)-4,8,12-Trimethyltrideca-1,3,7,11-tetraene', 0.66, 'Caryophyllene oxide', 0.61, 'Globulol', 0.52, '2-Methyl-6-(p-tolyl)hept-2-en-4-ol', 0.67, '(1aR,4S,4aR,7R,7aS,7bS)-1,1,4,7-Tetramethyldecahydro-1H-cyclopropa[e]azulen-4-ol', 0.51, 'Isoaromadendrene epoxide', 0.65, 'Isopentyl 8-methylnon-6-enoate', 0.69, '2-((3R,3aR,3bS,4R,7R,7aS)-3,7-Dimethyloctahydro-1H-cyclopenta[1,3]cyclopropa[1,2]benzen-4-yl)propan-2-ol', 0.64, 'Cedrol', 0.53, '2-Naphthalenemethanol, 2,3,4,4a,5,6,7,8-octahydro-alpha,alpha,4a,8-tetramethyl-, [2R-(2alpha,4abeta,8beta)]-', 0.55, 'Humulene epoxide I', 0.51, 'Phenol, 2,6-dimethoxy-4-(2-propenyl)-', 0.6, '1H-Benzocyclohepten-7-ol, 2,3,4,4a,5,6,7,8-octahydro-1,1,4a,7-tetramethyl-, cis-', 0.53, '1H-3a,7-Methanoazulen-5-ol, octahydro-3,8,8-trimethyl-6-methylene-', 0.6, 'Junenol', 0.51, '3-Hydroxy-beta-damascone', 0.52, 'Hinesol', 0.53, 'Caryophylla-4(12),8(13)-dien-5alpha-ol', 0.67, 'Agarospirol', 0.55, '11,11-Dimethyl-4,8-dimethylenebicyclo[7.2.0]undecan-3-ol', 0.63, '2-Cyclohexen-1-one, 4-(3-hydroxy-1-butenyl)-3,5,5-trimethyl-', 0.57, 'Longiverbenone', 0.57, '2-Cyclohexen-1-one, 2,4,4-trimethyl-3-(3-oxo-1-butenyl)-', 0.67, '(E)-5-((1R,3R,6S)-2,3-Dimethyltricyclo[2.2.1.02,6]heptan-3-yl)-2-methylpent-2-enal', 0.58, 'alpha-Santalol', 0.51, '1-(3-Methyl-2-butenoxy)-4-(1-propenyl)benzene', 0.62, '8-Isopropyl-1,5-dimethyltricyclo[4.4.0.02,7]dec-4-en-3-one', 0.62, 'Eudesma-4(15),7-dien-1beta -ol', 0.59, '4-Methylpentyl 8-methylnon-6-enoate', 0.59, '3,7-Cyclodecadien-1-one, 3,7-dimethyl-10-(1-methylethylidene)-, (E,E)-', 0.54, '2,6,11-Dodecatrienal, 2,6-dimethyl-10-methylene-', 0.55, '2,6,10-Dodecatrien-1-ol, 3,7,11-trimethyl-, (Z,E)-', 0.54, 'Bergamotol, Z-alpha-trans-', 0.54, '2-Cyclohexen-1-one, 4-(3-hydroxybutyl)-3,5,5-trimethyl-', 0.53, '2,6,10-Dodecatrien-1-ol, 3,7,11-trimethyl-', 0.5, 'beta-Santalol', 0.57, 'trans-Farnesol', 0.5",135.0,5022.628273909665,1186.2972908708161
3199.24699999998,"Caryophylla-4(12),8(13)-dien-5alpha-ol","'5-Methyl-2-phenyl-2-hexenal', 0.5, '(5R,10R)-10-Methyl-6-methylene-2-(propan-2-ylidene)spiro[4.5]dec-7-ene', 0.58, '(+)-Cycloisolongifol-5-ol', 0.5, '3,5,9-Undecatrien-2-one, 6,10-dimethyl-, (E,Z)-', 0.5, '(8R,8aS)-8,8a-Dimethyl-2-(propan-2-ylidene)-1,2,3,7,8,8a-hexahydronaphthalene', 0.55, 'Caryophyllene oxide', 0.57, '2,2,4-Trimethyl-1,3-pentanediol diisobutyrate', 0.57, 'Isoaromadendrene epoxide', 0.59, 'Caryophylla-4(12),8(13)-dien-5alpha-ol', 0.6, '11,11-Dimethyl-4,8-dimethylenebicyclo[7.2.0]undecan-3-ol', 0.6, 'aR-Turmerone', 0.52, '8-Isopropyl-1,5-dimethyltricyclo[4.4.0.02,7]dec-4-en-3-one', 0.52, 'Eudesma-4(15),7-dien-1beta -ol', 0.56",173.0,2290.4769397708974,509.30898615210185
3205.46800000002,"Cyclooctasiloxane, hexadecamethyl-_analogue","'1,3-Benzodioxole, 4,5-dimethoxy-6-(2-propenyl)-', 0.57, 'Apiol', 0.6, 'Cyclooctasiloxane, hexadecamethyl-', 0.68",207.0,12317.08926805943,2029.3395841121674
3213.7699999999804,"2(3H)-Furanone, 5-heptyldihydro-","'(S,E)-2,5-Dimethyl-4-vinylhexa-2,5-dien-1-yl acetate', 0.54, '2(3H)-Furanone, 5-hexyldihydro-', 0.51, 'Propanoic acid, 2-methyl-, 3,7-dimethyl-2,6-octadienyl ester, (Z)-', 0.5, 'Pentanoic acid, 1-ethenyl-1,5-dimethyl-4-hexenyl ester', 0.53, 'Tridecanal', 0.56, '2,4-Dodecadienal, (E,E)-', 0.51, '(1S,2R,5R)-2-Methyl-5-((R)-6-methylhept-5-en-2-yl)bicyclo[3.1.0]hexan-2-ol', 0.55, 'Butanoic acid, 3,7-dimethyl-2,6-octadienyl ester, (E)-', 0.55, '1,6,10-Dodecatrien-3-ol, 3,7,11-trimethyl-, (E)-', 0.52, '1,6,10-Dodecatrien-3-ol, 3,7,11-trimethyl-', 0.52, '2-Tridecenal, (E)-', 0.55, '(2E,4S,7E)-4-Isopropyl-1,7-dimethylcyclodeca-2,7-dienol', 0.53, '2(3H)-Furanone, 5-heptyldihydro-', 0.62, 'Caryophyllene oxide', 0.55, '1-((1R,2R,3R)-2-(3-Isopropylfuran-2-yl)-3-methylcyclopentyl)ethanone', 0.53, 'Isoaromadendrene epoxide', 0.59, 'Isopentyl 8-methylnon-6-enoate', 0.56, 'Disulfide, 1-(1-propenylthio)propyl propyl', 0.54, '2-((3R,3aR,3bS,4R,7R,7aS)-3,7-Dimethyloctahydro-1H-cyclopenta[1,3]cyclopropa[1,2]benzen-4-yl)propan-2-ol', 0.52, 'Butanoic acid, decyl ester', 0.51, '1H-3a,7-Methanoazulen-5-ol, octahydro-3,8,8-trimethyl-6-methylene-', 0.51, 'Caryophylla-4(12),8(13)-dien-5alpha-ol', 0.58, '11,11-Dimethyl-4,8-dimethylenebicyclo[7.2.0]undecan-3-ol', 0.54, 'Hexadecane, 2-methyl-', 0.51, 'Tridecanoic acid', 0.5, 'gamma-Dodecalactone', 0.59, '2,6,10-Dodecatrien-1-ol, 3,7,11-trimethyl-, (Z,E)-', 0.52, '2-Pentadecanone', 0.52, 'beta-Santalol', 0.54",71.0,219054.67001752456,37534.713565826416
3469.7560000000203,"Cyclooctasiloxane, hexadecamethyl-","'Cyclooctasiloxane, hexadecamethyl-', 0.72",355.0,52050.76234726609,9211.55058670044
3544.88200000002,"Hexanoic acid, 2-phenylethyl ester","'Dodecanoic acid', 0.51, '2-Tridecenal, (E)-', 0.56, 'Octanoic acid, hexyl ester', 0.53, 'Butanoic acid, decyl ester', 0.61, 'Tetradecanal', 0.52, 'Hexanoic acid, 2-phenylethyl ester', 0.75, 'Benzenepropanol, 4-hydroxy-3-methoxy-', 0.54, '1-Tetradecanol', 0.52, 'gamma-Dodecalactone', 0.51, '2-Pentadecanone', 0.62, 'Pentadecanal-', 0.54, 'delta-Dodecalactone', 0.56, 'Octanoic acid, octyl ester', 0.67",71.0,45822.890549235875,7823.9227267445785
3821.90200000002,1-Hexadecanol,"'Cyclotetradecane', 0.51, '4-Methylpentyl 8-methylnon-6-enoate', 0.63, '2,6,10-Dodecatrien-1-ol, 3,7,11-trimethyl-, (Z,E)-', 0.5, '2-Hexadecanol', 0.58, '2-Cyclohexen-1-one, 4-(3-hydroxybutyl)-3,5,5-trimethyl-', 0.51, '2,6,10-Dodecatrien-1-ol, 3,7,11-trimethyl-', 0.51, 'trans-Farnesol', 0.56, '2,6,10-Dodecatrienal, 3,7,11-trimethyl-, (E,E)-', 0.52, 'Heptanoic acid, 2-phenylethyl ester', 0.5, 'n-Pentadecanol', 0.51, 'Octanoic acid, octyl ester', 0.59, '2-Pentadecanone, 6,10,14-trimethyl-', 0.53, 'Cyclopentadecanone, 2-hydroxy-', 0.51, '9-Hexadecen-1-ol, (Z)-', 0.51, 'Hexobarbital', 0.51, '(E)-Hexadec-2-enal', 0.54, '1-Hexadecanol', 0.63, '9-Hexadecenoic acid', 0.5, '7,10,13-Hexadecatrienoic acid, (Z,Z,Z)-', 0.51",85.0,57884.18627892496,12102.501609802246
3852.73300000002,"Cyclononasiloxane, octadecamethyl-","'Cyclononasiloxane, octadecamethyl-', 0.68",221.0,336456.6287053528,98520.39440917969
3859.00099999998,Benzyl Benzoate,"'Benzyl Benzoate', 0.56, '5,9,13-Pentadecatrien-2-one, 6,10,14-trimethyl-, (E,E)-', 0.51, '9-Hexadecenoic acid', 0.52",213.0,2483.390940470156,635.7949194908142
3867.3589999999795,2-Dodecen-1-yl(-)succinic anhydride,"'2-Dodecen-1-yl(-)succinic anhydride', 0.51",205.0,2840.2621485657287,904.8536887168884
3873.72199999998,Dibutyl phthalate,"'1,2-Benzenedicarboxylic acid, bis(2-methylpropyl) ester', 0.67, 'Dibutyl phthalate', 0.68",149.0,3204628.159364407,641153.5424804688
3888.5689999999804,Unknown,,223.0,25869.70170710323,4077.902106285095
3892.8109999999797,"Cyclononasiloxane, octadecamethyl-_analogue","'Cyclononasiloxane, octadecamethyl-', 0.63",356.0,3386.9070061789052,549.1151529550552
3897.0520000000197,"7,9-Di-tert-butyl-1-oxaspiro(4,5)deca-6,9-diene-2,8-dione","'7,9-Di-tert-butyl-1-oxaspiro(4,5)deca-6,9-diene-2,8-dione', 0.58",85.0,95027.07930680348,11634.987525939941
3901.2829999999803,Unknown,,87.0,462872.1744199354,81210.16171264648
3913.93699999998,2-Nonadecanone,"'Neophytadiene', 0.61, '2-Pentadecanone, 6,10,14-trimethyl-', 0.67, '(E)-Hexadec-2-enal', 0.63, '1-Hexadecanol', 0.58, '1-Pentadecanol acetate', 0.52, '5,9,13-Pentadecatrien-2-one, 6,10,14-trimethyl-, (E,E)-', 0.52, '9-Hexadecenoic acid', 0.52, '7,10,13-Hexadecatrienoic acid, (Z,Z,Z)-', 0.64, 'Isophytol', 0.57, '2-Dodecen-1-yl(-)succinic anhydride', 0.63, '9-Octadecenal, (Z)-', 0.53, 'Octadecanal', 0.59, '2-Nonadecanone', 0.68",85.0,48874.01845635666,10115.255897327275
3922.38100000002,"Cyclononasiloxane, octadecamethyl-_analogue","'Cyclononasiloxane, octadecamethyl-', 0.64",221.0,148351.3027806959,40293.33679199219
3939.31999999998,Unknown,,221.0,49401.486189852716,9842.002906799316
3943.5550000000203,Unknown,,355.0,15494.295108262613,2384.2296419143677
3956.1769999999797,"9,12,15-Octadecatrienoic acid, (Z,Z,Z)-","'7,10,13-Hexadecatrienoic acid, (Z,Z,Z)-', 0.54, 'Dibutyl phthalate', 0.59, '2-Dodecen-1-yl(-)succinic anhydride', 0.55, 'Octadecanal', 0.52, '2-Nonadecanone', 0.62, '9,12,15-Octadecatrienoic acid, (Z,Z,Z)-', 0.63",71.0,40562.466810141545,9854.437934027777
3960.384,Dibutyl phthalate_analogue,"'Dibutyl phthalate', 0.58, '1,6,10,14-Hexadecatetraen-3-ol, 3,7,11,15-tetramethyl-, (E,E)-', 0.5",206.0,10894.063439732818,1950.3652760982513
3964.5869999999995,Unknown,,71.0,44772.34771583712,12602.060844421387
3979.25299999998,2-Nonadecanone_analogue,"'2-Nonadecanone', 0.56",71.0,88954.93258443213,14578.262369791666
3994.9819999999804,Unknown,,147.0,433192.3921564815,90362.74084472656
4000.245,"9-Octadecenamide, (Z)-_analogue","'Tricosane', 0.51, '9-Octadecenamide, (Z)-', 0.55",71.0,57427.86764576317,13535.257690429688
4005.5080000000203,"9-Octadecenamide, (Z)-_analogue","'Octadecane, 1-iodo-', 0.52, '9-Octadecenamide, (Z)-', 0.56",96.0,1020800.7866372475,46942.57129859924
4010.77099999998,"9-Octadecenamide, (Z)-_analogue","'9-Octadecenamide, (Z)-', 0.54",96.0,325380.1025440135,46942.57129859924
4016.0350000000203,"9-Octadecenamide, (Z)-","'9-Octadecenamide, (Z)-', 0.59",147.0,77750.5068611177,15924.769409179688
4021.2979999999798,"9-Octadecenamide, (Z)-_analogue","'9-Octadecenamide, (Z)-', 0.56",73.0,1112241.1372506018,198908.8759765625
4046.514,Unknown,,73.0,754202.2883277372,185469.06958007812
4075.60099999998,Unknown,,73.0,767487.3840179328,196505.52734375
4080.846,"Octanoic acid, hexadecyl ester","'Octanoic acid, hexadecyl ester', 0.65",284.0,4156.781936797624,578.233503557276
