Name,RT
Ethylene oxide,1.486
Methyl Alcohol,1.5677
Methyl formate,1.5695
Methanethiol,1.5724
Acetaldehyde,1.5727
Ethanol,1.575
Dimethylamine,1.5753
Ethylamine,1.5773
2-Propenal,1.5779
Propanal,1.5784
"1,4-Pentadiene",1.5787
Ethyl formate,1.5791
"Butane, 2-methyl-",1.5798
Ethyl ether,1.5808
Isopropyl Alcohol,1.5809
Acetone,1.5809
Furan,1.5817
Isoprene,1.5821
Methyl propyl ether,1.5821
"Methylamine, N,N-dimethyl-",1.5825
"Methane, iodo-",1.589445783
Dimethyl sulfide,1.600337349
2-Propenenitrile,1.605783133
"1,3-Cyclopentadiene",1.616674699
Formic acid,1.633012048
"Acetic acid, methyl ester",1.633012048
Methylene chloride,1.643903614
Acetonitrile,1.648
Ethanethiol,1.683
Carbon disulfide,1.75826506
"Ethanamine, N-ethyl-",1.769156627
"Propanal, 2-methyl-",1.77460241
1-Propanol,1.790939759
Formaldehyde,1.8055875
2-Propen-1-ol,1.825
"1,5-Hexadiene",1.839951807
"Propanal, 2,2-dimethyl-",1.850843373
Methacrolein,1.856289157
Cyclopentane,1.86173494
"Pentane, 2-methyl-",1.872626506
"Formic acid, propyl ester",1.878072289
Methyl vinyl ketone,1.905301205
"1-Pentene, 2-methyl-",1.927084337
Isobutylamine,1.93253012
"Pentane, 3-methyl-",1.94886747
1-Hexene,1.94886747
Propene,1.9543625
"1,3-Dioxolane",1.970650602
Butanal,1.997879518
"2,3-Butanedione",2.008771084
Thiirane,2.025108434
2-Butanone,2.025108434
Acetic acid ethenyl ester,2.031
n-Hexane,2.041
Allyl mercaptan,2.07449
2-Butanol,2.099333333
"Furan, 2-methyl-",2.11298
"Cyclopentene, 3-methyl-",2.12581
1-Butanamine,2.1643
Acetic acid,2.1643
"1,3-Butadiene, 2,3-dimethyl-",2.17713
Trichloromethane,2.188
Ethyl Acetate,2.18996
"Furan, 3-methyl-",2.21562
"3-Buten-2-ol, 2-methyl-",2.21562
"Ethane, iodo-",2.24128
Propyl mercaptan,2.24128
"Ethane, (methylthio)-",2.27977
"Cyclobutane, ethyl-",2.33109
"2-Butene, 2,3-dimethyl-",2.35675
"1-Propanol, 2-methyl-",2.35675
Methyl propionate,2.38241
Amylene hydrate,2.399
2-Butenal,2.40807
"Cyclopentane, methyl-",2.43373
"Methane, diethoxy-",2.49788
"Furan, 2,3-dihydro-",2.536
"Acetic acid, 1,1-dimethylethyl ester",2.53637
3-Butenenitrile,2.541
"1,3-Pentadiene, 3-methyl-, (Z)-",2.5492
"3-Buten-2-one, 3-methyl-",2.58769
"Propane, 2-methyl-1-nitro-",2.629
4-Penten-2-ol,2.63901
"2-Butenal, (E)-",2.63901
Isopropyl acetate,2.66467
"Butanal, 3-methyl-",2.70316
"2-Buten-1-ol, (E)-",2.72882
Benzene,2.72882
"1,3-Cyclohexadiene",2.74165
"2-Butanone, 3-methyl-",2.76731
"1-Hexene, 4-methyl-",2.79297
1-Butanol,2.79297
Cyclohexane-d12,2.81863
"Butanal, 2-methyl-",2.83146
1-Penten-3-ol,2.865
"2-Propanone, 1-hydroxy-",2.86995
"Propanoic acid, ethenyl ester",2.874
"Hexane, 2-methyl-",2.89561
Cyclohexane,2.89561
"2H-Pyran, 3,4-dihydro-",2.928
"Propane, 2-iodo-",2.9341
"2-Butanol, 3-methyl-",2.98542
"1,4-Dioxane",2.99825
Thiophene,2.99825
"Silanediol, dimethyl-",3
Cyclohexene,3.04957
Pyrrolidine,3.0624
1-Penten-3-one,3.07523
"Pentane, 2-methoxy-",3.105
Methyl isobutyrate,3.11372
1-Heptene,3.12655
2-Pentanone,3.12655
"1-Propanethiol, 2-methyl-",3.13938
"Acetamide, 2,2,2-trifluoro-N-methyl-",3.159
3-Pentanone,3.16504
3-Pentanol,3.1907
"Propanoic acid, 2-hydroxy-, methyl ester, (.+/-.)-",3.19971
"Pentane, 2,2,4-trimethyl-",3.20353
"1,4-Cyclohexadiene",3.24202
"2-Pentanol, 2-methyl-",3.24202
"Ethenamine, N-methylene-",3.478
"Ethanone, 1-cyclopropyl-",3.581
1-Ethyl-5-methylcyclopentene,3.816
"1H-Pyrrole, 1-methyl-",3.831
"1-Propene, 1-(methylthio)-, (Z)-",3.8454
"Pentane, 1-chloro-",4.226
"Propanal, 2-methyl-, oxime",4.258
"2-Butene, 1-chloro-3-methyl-",4.531
S-Ethyl ethanethioate,4.655
"1-Butene, 2-(chloromethyl)-",4.6999375
Ethylvinyl sulfide,4.7067
"Sulfide, allyl methyl",4.7134625
"1-Butanamine, 3-methyl-",4.720225
"2,3-Pentanedione",4.720225
Pentanal,4.7269875
Diethyl sulfide,4.7269875
Propanoic acid,4.73375
Methyl thiolacetate,4.73375
"Thiocyanic acid, methyl ester",4.747275
"Furan, 2-ethyl-",4.7540375
2-Pentanol,4.7540375
2-Heptene,4.7540375
"Furan, 2,5-dimethyl-",4.7810875
"Pentane, 1-methoxy-",4.78785
n-Propyl acetate,4.78785
"Propanoic acid, ethyl ester",4.801375
"1,4-Cyclohexadiene, 1-methyl-",4.8069
"1-Hexene, 3,3-dimethyl-",4.8216625
Acetoin,4.8216625
Methyl methacrylate,4.828425
"Propane, 1-(methylthio)-",4.8351875
1-Butanethiol,4.8487125
3-Heptene,4.8622375
"Butanoic acid, methyl ester",4.882525
"Butanenitrile, 2-methyl-",4.8892875
"Formic acid, butyl ester",4.89605
"3-Penten-1-ol, (Z)-",4.9028125
"Ethane, 1,1-diethoxy-",4.909575
"Cyclohexane, methyl-",4.9231
"2-Butanethiol, 2-methyl-",4.9231
"2,4-Dimethylfuran",4.9298625
"3-Buten-1-ol, 3-methyl-",4.936625
"Butanenitrile, 3-methyl-",4.9433875
"Hexane, 2,4-dimethyl-",4.95015
3-Penten-2-one,4.9569125
Methyl Isobutyl Ketone,4.9704375
Thiazole,4.9704375
Pyrazine,4.9772
"1-Butanol, 3-methyl-",4.9772
"3-Buten-2-ol, 3-methyl-",4.9839625
"1-Butanol, 2-methyl-",4.9974875
Propylene Glycol,5.00425
"1-Hexene, 4,5-dimethyl-",5.0110125
5-Hexen-2-one,5.017775
"DL-2,3-Butanediol",5.028
"Hexane, 3,3-dimethyl-",5.0313
"2-Butenal, 2-methyl-, (E)-",5.0380625
"3-Pentanone, 2-methyl-",5.0380625
"2-Butenal, 2-methyl-",5.044825
"Disulfide, dimethyl",5.044825
Pyridine,5.044825
"Propanoic acid, 1-methylethyl ester",5.0786375
"2-Pentanone, 3-methyl-",5.0854
"2-Pentenal, (E)-",5.098925
"2-Butenoic acid, methyl ester",5.1056875
Pyrrole,5.1056875
"Propanoic acid, 2-methyl-, ethyl ester",5.11245
"Ethanol, 2-methoxy-, acetate",5.1192125
"2-Pentanol, 4-methyl-",5.125975
"2-Butenoic acid, methyl ester, (E)-",5.125975
sec-Butyl acetate,5.1395
Toluene,5.1597875
1-Pentanol,5.1733125
"Heptane, 2-methyl-",5.1733125
Diethyl carbonate,5.1868375
"2-Penten-1-ol, (Z)-",5.1868375
"Heptane, 4-methyl-",5.1868375
"2-Penten-1-ol, (E)-",5.2003625
1-Hexen-3-ol,5.2003625
"2-Buten-1-ol, 2-methyl-",5.2003625
Isobutyl acetate,5.2138875
"1,3,5-Cycloheptatriene",5.22065
Cyclopentanone,5.226
"Heptane, 3-methyl-",5.2274125
Methyl isovalerate,5.2274125
"Propanoic acid, 2-methyl-",5.234175
"Butanoic acid, 2-methyl-, methyl ester",5.2409375
Prenol,5.2409375
"3-Pentanol, 2-methyl-",5.2409375
"Thiophene, 2-methyl-",5.2409375
"3-Hexanone, 2-methyl-",5.243
"2-Pentanol, 3-methyl-",5.261225
"2-Butenal, 3-methyl-",5.288275
2-Pentanethiol,5.288275
"Formamide, N,N-dimethyl-",5.2950375
3-Hexanone,5.3018
S-Methyl propanethioate,5.3085625
O-Methyl-N-methylcarbamate,5.3085625
"Thiophene, 3-methyl-",5.315325
"2,3-Butanediol",5.32885
1-Octene,5.3356125
2-Hexanone,5.342375
"Furan, 2-propyl-",5.3491375
"1-Butanol, 3-methyl-, formate",5.3559
"4-Pentenal, 2-methyl-",5.3626625
"Formic acid, pentyl ester",5.38295
Bicyclo[4.1.0]heptane,5.38295
3-Hexanol,5.3897125
"3-Penten-2-one, 4-methyl-",5.396475
"2-Octene, (E)-",5.396475
"3,4-Hexanedione",5.41
"3-Hexenal, (Z)-",5.41
Hexanal,5.41
2-Hexanol,5.45253
"2-Butenal, 2-ethyl-",5.45253
"Butanoic acid, ethyl ester",5.49506
"1-Butanol, 2-ethyl-",5.54868
2-Methyl-2-heptene,5.553
Butanoic acid,5.62265
"Propanoic acid, propyl ester",5.70771
"Formamide, N-methyl-",5.79277
3-Hexenal,5.8353
3-Hexen-2-one,5.87783
"Acetic acid, butyl ester",5.92036
"Thiophene, tetrahydro-",5.96289
"Cyclopropane, pentyl-",5.96289
"Propane, 1,1-diethoxy-",5.96289
Tetrachloroethylene,6.00542
"Methacrylic acid, ethyl ester",6.00542
"Thiazole, 2-methyl-",6.04795
"Propanoic acid, 2-hydroxy-, ethyl ester",6.04795
"Cyclotrisiloxane, hexamethyl-",6.075
"Propanethial, S-oxide",6.08441
1-Hexanamine,6.09048
"Pyridine, 2-methyl-",6.17554
"1H-Pyrrole, 1-ethyl-",6.30313
"Heptane, 2,4-dimethyl-",6.30313
3-Methyl-2-butene-1-thiol,6.30313
"Pentane, 2,2,3,4-tetramethyl-",6.30313
2-Hydroxy-3-pentanone,6.30313
1-Pentanethiol,6.34566
4-Methylthiazole,6.38819
Methyl valerate,6.38819
Dimethyl Sulfoxide,6.43072
3-Furaldehyde,6.53772
"1,3-Octadiene",6.55831
"3-Pentanol, 2,4-dimethyl-",6.651
"Pyrazine, methyl-",6.72843
"2-Pentenal, 2-methyl-",6.74377
Furfural,6.81349
"2-Butenoic acid, ethyl ester, (E)-",6.89855
"2,4-Dimethyl-1-heptene",6.94108
Isopropyl isothiocyanate,6.98361
"1-Pentanol, 3-methyl-",7.02614
"2-Pentanone, 4-hydroxy-4-methyl-",7.02614
Isopropyl butyrate,7.19626
"2-Butenoic acid, 3-methyl-, methyl ester",7.19626
"3-Hexanone, 4-methyl-",7.23879
"2-Butenoic acid, 2-methyl-, methyl ester, (Z)-",7.23879
"Ethanol, 2-(methylthio)-",7.23879
"Cyclopentanone, 2-methyl-",7.36638
"1-Octene, 4-methyl-",7.36638
"1-Pentanol, 4-methyl-",7.36638
4-Hydroxy-3-hexanone,7.36638
"Butane, 2-methyl-2-(methylthio)-",7.40891
"Hexane, 2,3,4-trimethyl-",7.49397
"2-Pentanol, acetate",7.49397
"Butanoic acid, 2-methyl-, ethyl ester",7.49397
"Benzene, chloro-",7.49397
Methyl ethyl disulfide,7.5365
2-Hexenal,7.57903
"1,3-Cyclopentadiene, 5-(1-methylethylidene)-",7.60918
"3-Hexen-1-ol, (E)-",7.62156
"Oxazole, trimethyl-",7.62156
Diallyl sulfide,7.642
"Butanoic acid, 3-methyl-, ethyl ester",7.70662
"2-Hexenal, (E)-",7.70662
Ethylbenzene,7.74915
3-Hexen-1-ol,7.79168
"3-Hexen-1-ol, (Z)-",7.83421
n-Butyl ether,7.87674
"Heptane, 3,4-dimethyl-",7.87674
Propyl hydrodisulfide,7.89765
2-Furanmethanol,7.91927
"Butanoic acid, 3-hydroxy-, methyl ester",7.91927
"2-Propenoic acid, butyl ester",8.00433
"Butanoic acid, 2-methyl-",8.00433
"2-Hexanone, 5-methyl-",8.04686
"2-Hexen-1-ol, (E)-",8.04686
"Pyridine, 3-methyl-",8.08939
"Butanoic acid, 3-methyl-",8.08939
"Octane, 4-methyl-",8.08939
"Propanoic acid, 2,2-dimethyl-",8.13192
p-Xylene,8.17445
"Ethanethioic acid, S-propyl ester",8.216
"Benzene, 1,3-dimethyl-",8.21698
Methyl tiglate,8.21698
"Propanoic acid, 2-methylpropyl ester",8.21698
1-Hexanol,8.30204
5-Hexen-1-ol,8.30204
"2-Hexen-1-ol, (Z)-",8.30204
"Thiophene, 2,4-dimethyl-",8.30975
CH3CH2CH2SCH2CH=CH2,8.314
2-Methyl-3-furanthiol,8.3871
"Thiophene, 2-ethyl-",8.42963
4-Heptanone,8.47216
"Butane, 1-(1-ethoxyethoxy)-",8.47216
1-Hepten-3-one,8.5281
1-Methoxy-2-propyl acetate,8.5515
"Butanethioic acid, S-methyl ester",8.55722
"1-Butanol, 3-methyl-, acetate",8.64228
3-Heptanol,8.68481
Allyl Isothiocyanate,8.687
"Thiophene, 2,5-dimethyl-",8.72734
"1-Butanol, 2-methyl-, acetate",8.8124
Cyclohexanol,8.8124
Propyl sulfide,8.84548
CH3C(O)OCH(CH3)C(O)CH3,8.84548
"3-Methyl-3-buten-1-ol, acetate",8.85493
"Butanoic acid, 3-hydroxy-3-methyl-, methyl ester",8.89746
"Thiazole, 2,4-dimethyl-",8.93999
"N,N-Dimethylacetamide",8.93999
(Z)-Allyl(prop-1-en-1-yl)sulfane,9.011
2-Cyclohexen-1-ol,9.11011
1H-Pyrazole,9.11011
3-Heptanone,9.11011
"Bicyclo[2.2.1]hept-2-ene, 2,3-dimethyl-",9.11011
o-Xylene,9.11011
"Butyric acid, 2-hydroxy-3-methyl-, methyl ester",9.152
(E)-Allyl(prop-1-en-1-yl)sulfane,9.187
1-Nonene,9.19517
"2,4-Dithiapentane",9.19517
2-Heptanone,9.28023
"Methane, tribromo-",9.32276
2-n-Butyl furan,9.36529
Styrene,9.36529
Cyclohexanone,9.40782
"Butanoic acid, propyl ester",9.49288
"Propanoic acid, 2-methyl-, butyl ester",9.57794
4-Heptenal,9.57794
"Bicyclo[2.2.1]hept-2-ene, 1,7,7-trimethyl-",9.583
"1,3-trans,5-cis-Octatriene",9.663
"1,4-Butanediol",9.663
"Pentanoic acid, ethyl ester",9.663
2-Heptanol,9.663
"4-Heptenal, (Z)-",9.663
"1,4-Butanediamine",9.7225
Heptanal,9.7225
Nonane,9.727
"Thiophene, 3,4-dimethyl-",9.83
Methyl 2-(methylthio)acetate,9.901
"Butanoic acid, 3-methyl-, 1-methylethyl ester",9.901
Pentanoic acid,9.901
"4-Heptenal, (E)-",9.9605
"Thiazole, 2-ethyl-",10.02
"Ethanol, 2-butoxy-",10.02
Methyl isopropyl disulphide,10.02
"Pyridine, 2-ethyl-",10.02
2-Ethoxyethyl acetate,10.0795
Methional,10.0795
"Propanoic acid, butyl ester",10.139
Santolina triene,10.139
"2-Butenoic acid, 2-methyl-, (Z)-",10.197
"Propanoic acid, 2-methyl-, 2-methylpropyl ester",10.258
"2,4-Hexadienal, (E,E)-",10.3175
2-Furfurylthiol,10.3175
"Acetic acid, pentyl ester",10.3175
"Ethanone, 1-(2-furanyl)-",10.3175
"Tricyclo[2.2.1.0(2,6)]heptane, 1,7,7-trimethyl-",10.389
"Oxime-, methoxy-phenyl-_",10.407
"2-Cyclopenten-1-one, 2-methyl-",10.4365
"5-Hexenoic acid, methyl ester",10.487
"Formic acid, hexyl ester",10.496
Butyrolactone,10.5555
"2,4-Hexadien-1-ol",10.615
2-Acetyl-1-pyrroline,10.62414
"Pyrazine, 2,5-dimethyl-",10.6745
"Pyrazine, 2,6-dimethyl-",10.6745
"2-Buten-1-ol, 3-methyl-, acetate",10.734
2(5H)-Furanone,10.734
"Thiophene, 2-ethenyl-",10.734
"Bicyclo[3.1.0]hex-2-ene, 2-methyl-5-(1-methylethyl)-",10.777
"Butane, 2-isothiocyanato-",10.853
"3-Hexen-1-ol, formate, (Z)-",10.853
"Disulfide, methyl 2-propenyl",10.853
Anisole,10.853
2-Cyclohexen-1-one,10.853
"Benzene, (1-methylethyl)-",10.9125
"2,5-Hexanedione",10.9125
2-Methylbut-2-en-1-yl acetate,10.9125
"Pyrazine, ethyl-",10.9125
"1,6-Octadiene, 5,7-dimethyl-, (R)-",10.972
"Pyridine, 2,5-dimethyl-",10.972
1-Hexanethiol,10.972
Dimethyl sulfone,10.972
"(1R)-2,6,6-Trimethylbicyclo[3.1.1]hept-2-ene",11.066
alpha-Pinene,11.079
"(1S)-2,6,6-Trimethylbicyclo[3.1.1]hept-2-ene",11.084
"Disulfide, methyl 1-propenyl",11.091
"2-Butenoic acid, 3-methyl-, ethyl ester",11.091
"Hexanoic acid, methyl ester",11.1505
"Pyrazine, 2,3-dimethyl-",11.21
Ethyl 3-hydroxy-3-methylbutanoate,11.21
(Z)-1-Methyl-2-(prop-1-en-1-yl)disulfane,11.218
Diethyl disulfide,11.2695
Cyclooctane,11.2695
"Pentane, 1-iodo-",11.329
"Octane, 2,7-dimethyl-",11.329
"2-Hexanol, acetate",11.49969
"Propanedioic acid, dimethyl ester",11.552
"Disulfide, methyl propyl",11.567
"Ethanol, 2-(2-methoxyethoxy)-",11.567
"3-Hexenoic acid, methyl ester, (Z)-",11.6265
"3-Hexenoic acid, methyl ester",11.6265
"Thiazole, 4,5-dimethyl-",11.7455
(E)-1-Methyl-2-(prop-1-en-1-yl)disulfane,11.772
"2-Heptanone, 3-methyl-",11.8645
3-Hepten-2-one,11.914
S-Methyl 3-methylbutanethioate,11.924
Ethyl tiglate,11.9835
"2-Heptanone, 4-methyl-",12.062
"3-Heptanone, 6-methyl-",12.1025
"R(-)3,7-Dimethyl-1,6-octadiene",12.199
"2-Pentanone, 4-mercapto-4-methyl-",12.2215
"Bicyclo[3.1.0]hex-2-ene, 4-methylene-1-(1-methylethyl)-",12.228
"Butanoic acid, 3-hydroxy-, ethyl ester",12.281
Ethyl acetoacetate,12.281
4-Octen-3-one,12.281
"Pyrazine, ethenyl-",12.4
"Butanoic acid, 2-methyl-, propyl ester",12.4
"1,6-Octadiene, 3,7-dimethyl-",12.4
"Pentanoic acid, 4-methyl-",12.5785
"3H-1,2-Dithiole",12.581
"Bicyclo[2.2.1]heptane, 7,7-dimethyl-2-methylene-",12.638
"Butane, 1-isothiocyanato-",12.6975
"Butanoic acid, 3-methyl-, propyl ester",12.737
"2(5H)-Furanone, 5,5-dimethyl-",12.757
Camphene,12.757
"Ethane, 1,1-bis(methylthio)-",12.757
"Cyclohexene, 4-ethenyl-1,4-dimethyl-",12.778
"2-Heptenal, (Z)-",12.795
"2-Butenoic acid, 3-methyl-",12.8165
"Octane, 2,3-dimethyl-",12.8165
"1-Hexanol, 4-methyl-",12.8165
"Benzene, propyl-",12.8165
"Benzene, 1-ethyl-4-methyl-",12.876
"2-Hexanone, 4-hydroxy-5-methyl-",12.876
"Nonane, 4-methyl-",12.90057
"Butanoic acid, 2-methylpropyl ester",12.9355
3-Ethylcyclopentanone,12.95894
"2-Heptanone, 6-methyl-",12.995
"Hexanal, 2-ethyl-",12.995
"Benzene, 1-ethyl-3-methyl-",13.0545
"2-Heptenal, (E)-",13.114
"2(3H)-Furanone, dihydro-5-methyl-",13.114
"Cyclohexanone, 4-methyl-",13.1735
"Octane, 2,4,6-trimethyl-",13.1735
"1,3,5-Cycloheptatriene, 3,7,7-trimethyl-",13.222
"Cyclohexanol, 2-methyl-",13.233
Benzaldehyde,13.352
"Bicyclo[3.1.0]hexane, 4-methylene-1-(1-methylethyl)-",13.425
"Bicyclo[3.1.0]hex-2-ene, 4-methyl-1-(1-methylethyl)-",13.445
"Nonane, 2-methyl-",13.471
"2-Furancarboxaldehyde, 5-methyl-",13.5305
"2-Hexenoic acid, methyl ester, (E)-",13.59
"2(5H)-Furanone, 5-ethyl-",13.59
Benzenethiol,13.6495
"Butanoic acid, 2-hydroxy-3-methyl-, ethyl ester",13.71775
"Pentanoic acid, 4-methyl-, ethyl ester",13.7685
"1-Butanol, 3-methyl-, propanoate",13.7685
1-Heptanol,13.828
"Benzene, 1-ethyl-2-methyl-",13.828
Dimethyl trisulfide,13.828
"Butanoic acid, 1-methylbutyl ester",13.828
3-Mercapto-3-methylbutanol,13.828
5-Methyl-(E)-2-hepten-4-one,13.8875
"2H-Pyran, 2-ethenyltetrahydro-2,6,6-trimethyl-",13.947
"2-Cyclopenten-1-one, 3-methyl-",13.947
Mesitylene,13.947
"1,2-Dithiolane",13.984
alpha-Methylstyrene,14.046
4-Octanone,14.185
Aniline,14.2445
"1,7-Octadiene, 2-methyl-6-methylene-",14.303
"2-Hepten-1-ol, (E)-",14.304
beta-Pinene,14.3635
1-Octen-3-one,14.3635
Phenol,14.423
1-Octen-3-ol,14.423
2-Propylthiazole,14.4825
"1-Propanol, 3-(methylthio)-",14.4825
3-Methyl-3-cyclohexen-1-one,14.5865
"Benzene, (methoxymethyl)-",14.661
Benzonitrile,14.7205
beta-Myrcene,14.73
3-Octanone,14.78
"5-Hepten-2-one, 6-methyl-",14.78
3-Methylpentyl acetate,14.8395
"2,3-Octanedione",14.898
Ethyl (methylthio)acetate,14.9585
1-Decene,14.9585
Hexanoic acid,15.018
"Benzene, 1,2,4-trimethyl-",15.018
2-Octanone,15.018
"2,6-Dimethyl-2-trans-6-octadiene",15.0775
"2,3-Dehydro-1,8-cineole",15.0775
"6-Hepten-1-ol, 2-methyl-",15.127
"Furan, 2-pentyl-",15.1965
"5-Hepten-2-ol, 6-methyl-",15.256
3-Octanol,15.256
"Cyclohexane, 1-methylene-4-(1-methylethenyl)-",15.307
"Butanoic acid, butyl ester",15.3155
"2-Furanmethanol, acetate",15.3155
"2-Furanmethanethiol, 5-methyl-",15.3155
"Pentanoic acid, 2-hydroxy-4-methyl-, methyl ester",15.3155
alpha-Phellandrene,15.343
"Thiazole, 2,4,5-trimethyl-",15.4345
2-Octanol,15.494
"3,3,6-Trimethyl-1,4-heptadien-6-ol",15.494
"3-Hexenoic acid, ethyl ester, (E)-",15.579
"Hexanoic acid, ethyl ester",15.613
"Cyclotetrasiloxane, octamethyl-",15.629
"Butanoic acid, 2-methyl-, 2-methylpropyl ester",15.637
2-Carene,15.68089
trans-2-(2-Pentenyl)furan,15.701
"(2R,5S)-2-Methyl-5-(prop-1-en-2-yl)-2-vinyltetrahydrofuran",15.74
Decane,15.747
cis-2-(2-Pentenyl)furan,15.74878
"Pyrazine, 2-ethyl-6-methyl-",15.81667
Octanal,15.81667
Benzofuran,15.88456
"Pyrazine, 2-ethyl-3-methyl-",15.88456
"Pyrazine, trimethyl-",15.88456
"3-Hexen-1-ol, acetate, (Z)-",15.95245
Isobutyl isovalerate,15.95245
"3-Hexen-1-ol, acetate, (E)-",15.95245
"Pyrazine, 2-ethyl-5-methyl-",15.95245
"4-Hexen-1-ol, acetate",16
"2-Hexen-1-ol, acetate, (Z)-",16.02034
"1,3-Cyclohexadiene, 1-methyl-4-(1-methylethyl)-",16.148
"Benzene, 1-methoxy-2-methyl-",16.15612
2-Thiophenecarboxaldehyde,16.15612
"2-Propanol, 1-(2-methoxypropoxy)-",16.2919
"Acetic acid, hexyl ester",16.35979
"Cyclohexanecarboxylic acid, methyl ester",16.35979
3-Carene,16.35979
"1-Propanone, 1-(2-furanyl)-",16.35979
"2,4-Heptadienal, (E,E)-",16.42768
"Benzene, 1,2,3-trimethyl-",16.49557
(+)-4-Carene,16.52
"3-Hexenoic acid, ethyl ester",16.545
"Cyclohexene, 1-methoxy-",16.56346
"Propanoic acid, 2-methyl-, 3-methylbutyl ester",16.63135
1H-Pyrrole-2-carboxaldehyde,16.63135
"7-Oxabicyclo[2.2.1]heptane, 1-methyl-4-(1-methylethyl)-",16.69924
"Propanoic acid, 2-methyl-, 2-methylbutyl ester",16.69924
"2-Hexen-1-ol, acetate, (E)-",16.69924
3-Ethyl-4-methylpentan-1-ol,16.718
"Cyclohexene, 1-methyl-5-(1-methylethenyl)-, (R)-",16.78
"2,4-Hexadienoic acid, methyl ester",16.81
"2-Hexen-1-ol, acetate",16.893
beta-Phellandrene,16.926
"Cyclohexene, 4-methylene-1-(1-methylethyl)-",16.927
"Benzene, 1-methoxy-3-methyl-",16.9708
"Disulfide, bis(1-methylethyl)",17.03869
"Nonane, 2,5-dimethyl-",17.03869
"Benzene, 1,4-dichloro-",17.03869
"Benzene, 1-methoxy-4-methyl-",17.03869
"Thiazole, 4-methyl-2-(1-methylethyl)-",17.10658
2-Acetylthiazole,17.10658
o-Cymene,17.10658
Acetylpyrazine,17.17447
3-Mercapto-3-methylbutyl formate (ester),17.17447
"Pyridine, 5-ethyl-2-methyl-",17.17447
"Benzene, 1-methyl-3-(1-methylethyl)-",17.17447
"Heptanoic acid, methyl ester",17.17447
p-Cymene,17.31025
3-(Methylthio)propanoic acid methyl ester,17.31025
"Cyclohexene, 1-methyl-4-(1-methylethyl)-",17.31025
"Cyclohexene, 1-methyl-4-(1-methylethenyl)-, (S)-",17.371
Ethyl n-propyl disulfide,17.37814
"1,3-Dithiane",17.44603
D-Limonene,17.48933333
Dibutoxymethane,17.51392
Indane,17.545
"1-Hexanol, 2-ethyl-",17.6497
"Cyclohexane, butyl-",17.6497
Limonene,17.6497
"Pyrazine, 2-ethenyl-6-methyl-",17.71759
"1,3-Hexadiene, 3-ethyl-2-methyl-",17.71759
Eucalyptol,17.78548
"Benzene, 1,3-diethyl-",17.78548
"Cyclohexanol, 2,4-dimethyl-",17.78548
"1,3,6-Octatriene, 3,7-dimethyl-, (Z)-",17.845
beta-Ocimene,17.853
"3-Octen-2-one, (E)-",17.85337
"2,4-Heptanedione, 6-methyl-",17.85337
"2-Cyclopenten-1-one, 2-hydroxy-3-methyl-",17.92126
"Hexanoic acid, 1-methylethyl ester",17.92126
"Ethanone, 1-(2-pyridinyl)-",17.98915
Benzyl alcohol,18.05704
"Cyclohexanone, 2,2,6-trimethyl-",18.05704
"(S)-2,5-Dimethyl-3-vinylhex-4-en-2-ol",18.079
"3,5-Octadien-2-ol",18.19282
2-Acetyl-5-methylfuran,18.26071
"2-Butenoic acid, 2-methyl-, propyl ester, (E)-",18.26071
3-Octen-2-one,18.3286
trans-beta-Ocimene,18.36
Indene,18.39649
2-Decyne,18.39649
"Benzene, 1,4-diethyl-",18.39649
"L-Isoleucine, methyl ester",18.46438
"Hexanoic acid, 2-ethyl-, methyl ester",18.53227
"Acetic acid, cyclohexyl ester",18.53227
"Thiazole, 5-ethenyl-4-methyl-",18.53227
Butyl 2-methylbutanoate,18.53227
"2(3H)-Furanone, 5-ethenyldihydro-5-methyl-",18.53227
"1,2-Cyclopentanedione, 3-methyl-",18.53227
"Pentanoic acid, 2-methylpropyl ester",18.60016
"3-Cyclohexen-1-one, 3,5,5-trimethyl-",18.60016
"2-Propenoic acid, 2-methyl-, 3-methylbutyl ester",18.60016
Benzeneacetaldehyde,18.66805
"2-Heptanol, acetate",18.66805
"Benzene, 1,2-diethyl-",18.66805
"Butanoic acid, 3-methyl-, butyl ester",18.80383
"7-Octen-4-one, 2,6-dimethyl-",18.80383
"1,3,7-Octatriene, 3,7-dimethyl-",18.80383
"Furan, tetrahydro-2,2-dimethyl-5-(1-methyl-1-propenyl)-",18.80383
"Benzaldehyde, 2-hydroxy-",18.80383
"Hexanoic acid, 3-hydroxy-, methyl ester",18.93961
gamma-Terpinene,18.993
"2-Hexenoic acid, ethyl ester",19.0445
cis-Arbusculone,19.095
"2-Heptanone, 4,6-dimethyl-",19.1
"5-Heptenal, 2,6-dimethyl-",19.14328
"Butanoic acid, 3-methylbutyl ester",19.213
"3-Octen-1-ol, (Z)-",19.242
"3(2H)-Furanone, 4-hydroxy-5-methyl-",19.27906
"Benzene, n-butyl-",19.27906
"Phenol, 2-methyl-",19.27906
"Ethane, 1,1'-[methylenebis(thio)]bis-",19.34695
"Hexanethioic acid, S-methyl ester",19.398
"Benzenemethanol, alpha-methyl-",19.4
"3-Methyl-3H-1,2-dithiole",19.414
"Propanoic acid, 2-methyl-, pentyl ester",19.41484
"Butanoic acid, 2-methylbutyl ester",19.41484
"Decane, 5-methyl-",19.48273
"3(2H)-Furanone, 4-methoxy-2,5-dimethyl-",19.48273
"2(3H)-Furanone, 5-ethyldihydro-",19.48273
"Benzene, 1-ethyl-3,5-dimethyl-",19.55062
"Bicyclo[3.1.0]hexan-2-ol, 2-methyl-5-(1-methylethyl)-, (1alpha,2beta,5alpha)-",19.61
"Benzenemethanol, alpha-methyl-, (R)-",19.669
"Decane, 4-methyl-",19.6864
"2-Octenal, (E)-",19.6864
"Bicyclo[3.1.0]hexan-2-ol, 2-methyl-5-(1-methylethyl)-, (1alpha,2alpha,5alpha)-",19.702
"2-Acetyl-1,4,5,6-tetrahydropyridine",19.75429
"1,5-Heptadien-4-one, 3,3,6-trimethyl-",19.82218
"7-Octen-2-ol, 2,6-dimethyl-",19.95796
"Ethanone, 1-(1H-pyrrol-2-yl)-",19.95796
"Benzaldehyde, 2-methyl-",19.95796
"2-Furanmethanol, 5-ethenyltetrahydro-alpha,alpha,5-trimethyl-, cis-",20.008
Acetophenone,20.02585
"Aniline, N-methyl-",20.09374
"3-Octen-1-ol, (E)-",20.09374
"Acetic acid, phenyl ester",20.16163
"2-Octen-1-ol, (E)-",20.16163
"2-Octen-1-ol, (Z)-",20.16163
"2-Butenoic acid, 2-methyl-, 2-methyl-2-propenyl ester, (Z)-",20.29741
Diethyl malonate,20.29741
Furaneol,20.3653
"Benzaldehyde, 3-methyl-",20.3653
cis-Linaloloxide,20.392
trans-Arbusculone,20.4
"2,3-Butanediol, diacetate",20.403
1-Octanol,20.43319
"3,5-Octadien-2-one, (E,E)-",20.56897
"Benzene, 1-methyl-3-(1-methylethenyl)-",20.624
"5-Octen-1-ol, (Z)-",20.63686
"Benzene, 2-ethyl-1,4-dimethyl-",20.63686
5-Isopropyl-2-methylbicyclo[3.1.0]hexan-2-ol #,20.70475
"Cyclohexene, 4-methyl-1-(1-methylethenyl)-",20.70475
"Phenol, 3-methyl-",20.70475
"Cyclohexene, 1-methyl-4-(1-methylethylidene)-",20.763
"Cyclohexene, 3-methyl-6-(1-methylethylidene)-",20.835
"Butanoic acid, pentyl ester",20.84053
p-Cresol,20.84053
Heptanoic acid,20.90842
"Thiazole, 5-ethyl-2,4-dimethyl-",20.90842
"Benzaldehyde, 4-methyl-",20.97631
"Formic acid, phenylmethyl ester",21.0442
"Benzene, 1-methyl-4-(1-methylethenyl)-",21.053
Ethyl 2-(5-methyl-5-vinyltetrahydrofuran-2-yl)propan-2-yl carbonate,21.111
"4-Undecene, (E)-",21.11209
Diallyl disulphide,21.11209
"Benzene, 2-ethyl-1,3-dimethyl-",21.126
"2-Nonanone, 3-(hydroxymethyl)-",21.165
1-Nonen-3-ol,21.179
"Pyrazine, 3-ethyl-2,5-dimethyl-",21.17998
"Bicyclo[2.2.1]heptan-2-one, 3,3-dimethyl-",21.24787
"Pyrazine, 2-ethyl-3,5-dimethyl-",21.31576
2-Methyl-6-methyleneoct-7-en-4-one,21.31576
"1,5-Heptadien-4-ol, 3,3,6-trimethyl-",21.31576
"Pyrazine, 2,6-diethyl-",21.31576
"Furan, 2-hexyl-",21.425
trans-Linalool oxide (furanoid),21.45154
"Benzene, (2-methoxyethyl)-",21.45154
"Benzene, 4-ethenyl-1,2-dimethyl-",21.493
"Ethane, 1,1-bis(ethylthio)-",21.51943
5-Nonanol,21.528
4-Nonanol,21.58732
"2,3-Diethylpyrazine",21.58732
"Pyrazine, tetramethyl-",21.65521
"2,3-Dimethyl-5-ethylpyrazine",21.7231
3-Nonanone,21.7231
"Benzenemethanol, alpha,alpha-dimethyl-",21.7231
"Phenol, 2-methoxy-",21.7231
Bicyclo[7.1.0]decane,21.7231
1-Undecene,21.79099
"3,5-Octadien-2-one",21.79099
"Pyrazine, 2,5-diethyl-",21.79099
"2H-Pyran-2-one, tetrahydro-6-methyl-",21.817
3-Methyl-2-(2-methyl-2-butenyl)-furan,21.852
2-Nonanone,21.85888
2-Furancarboxylic acid,21.85888
"Ethanone, 1-(2-thienyl)-",21.85888
"Hexane, 1,1-diethoxy-",21.85888
"Butanoic acid, 2-methyl-, 3-methylbutyl ester",21.94587
Caryophyllenyl alcohol,21.95
"Hexanoic acid, propyl ester",21.99466
"Benzeneacetaldehyde, alpha-methyl-",21.99466
"Benzoic acid, methyl ester",21.99466
"Butane, 1,1'-[ethylidenebis(oxy)]bis-",21.99466
"1,7-Octadien-3-ol, 2,6-dimethyl-",22.06255
"3-Oxatricyclo[4.1.1.0(2,4)]octane, 2,7,7-trimethyl-",22.06255
(E)-1-Allyl-2-(prop-1-en-1-yl)disulfane,22.08361
1-Nonen-4-ol,22.08361
Fenchone,22.13044
"2-Furanmethanol, propanoate",22.13044
"Heptanoic acid, ethyl ester",22.19833
"7-Octen-4-ol, 2-methyl-6-methylene-, (S)-",22.19833
"Pyrazine, 2-methoxy-3-(1-methylethyl)-",22.19833
"2-Undecene, (E)-",22.19833
"Pentanoic acid, butyl ester",22.26622
3-(Methylthio)propanoic acid ethyl ester,22.26622
Linalool,22.33411
"2H-Pyran-3(4H)-one, 6-ethenyldihydro-2,2,6-trimethyl-",22.387
Hotrienol,22.395
"3-Hexen-1-ol, propanoate, (Z)-",22.402
"(Z,Z)-3,6-Nonadienal",22.402
"2,6,6-Trimethylbicyclo[3.2.0]hept-2-en-7-one",22.42
"Furan, 3-(4-methyl-3-pentenyl)-",22.47145
"2-Cyclohexen-1-one, 4,4-dimethyl-",22.47145
"6-Nonenal, (Z)-",22.47145
"Benzofuran, 2-methyl-",22.49683
2-Nonanol,22.5409
"2-Undecene, (Z)-",22.5409
Thujone,22.61035
Nonanal,22.6798
"Butanoic acid, 3-methyl-, 3-methylbutyl ester",22.6798
"Decane, 2,6,8-trimethyl-",22.6798
"2H-Pyran, tetrahydro-4-methyl-2-(2-methyl-1-propenyl)-",22.71
Undecane,22.7235
"Butanoic acid, 2-methyl-, 2-methylbutyl ester",22.74925
"Ethanone, 1-(4,5-dihydro-2-thiazolyl)-",22.8187
3-Cyclohexene-1-methanol,22.8187
"2-Cyclohexene-1-carboxaldehyde, 2,6,6-trimethyl-",22.823
"1,5,7-Octatrien-3-ol, 3,7-dimethyl-",22.88815
"Disulfide, dipropyl",22.88815
"6-Methyl-3,5-heptadiene-2-one",22.88815
"Bicyclo[3.1.0]hexan-3-one, 4-methyl-1-(1-methylethyl)-, [1S-(1alpha,4beta,5alpha)]-",22.892
"Pentanoic acid, 3-methylbutyl ester",22.9576
"Phenol, 2,6-dimethyl-",22.9576
"Propanoic acid, hexyl ester",22.9576
"2(5H)-Furanone, 3-hydroxy-4,5-dimethyl-",22.98
Maltol,23.0965
"6-Octen-1-yn-3-ol, 3,7-dimethyl-",23.0965
Benzyl methyl ketone,23.0965
"(1R,4R,5S)-1-Isopropyl-4-methoxy-4-methylbicyclo[3.1.0]hexane",23.161
(Z)-1-Allyl-2-(prop-1-en-1-yl)disulfane,23.161
"p-Mentha-1,5,8-triene",23.16595
"2-Hexen-1-ol, propanoate, (E)-",23.16595
1-Octen-3-yl-acetate,23.16595
"2-Cyclohexen-1-ol, 1-methyl-4-(1-methylethenyl)-, trans-",23.192
"2-Butenoic acid, 2-methyl-, 2-methyl-2-propenyl ester, (E)-",23.2354
"2-Cyclohexen-1-ol, 1-methyl-4-(1-methylethyl)-, cis-",23.245
(E)-1-(Prop-1-en-1-yl)-2-propyldisulfane,23.269
"Butanoic acid, 3-methyl-, 2-methylbutyl ester",23.2855
Fenchol,23.30485
"Acetic acid, heptyl ester",23.30485
(Z)-1-(Prop-1-en-1-yl)-2-propyldisulfane,23.352
"Formic acid, octyl ester",23.3743
"Benzene, 1,2,3,5-tetramethyl-",23.441
"2,4-Octadienal, (E,E)-",23.44375
"Bicyclo[3.1.1]hept-2-en-6-one, 2,7,7-trimethyl-",23.47
"Benzene, 1,3-diethenyl-",23.5132
"Butanoic acid, 3-methyl-, 3-methyl-3-butenyl ester",23.5132
"Benzene, 1,2,4,5-tetramethyl-",23.5132
"(E)-4,8-Dimethylnona-1,3,7-triene",23.5132
Phenylethyl Alcohol,23.5132
1-((E)-Prop-1-en-1-yl)-2-((Z)-prop-1-en-1-yl)disulfane,23.52988
"1,3-Butanediol, diacetate",23.52988
alpha-Campholenal,23.539
"1,2,4-Trithiolane",23.58265
"7-Octen-2-ol, 2-methyl-6-methylene-",23.58265
"Bicyclo[3.1.0]hex-3-en-2-one, 5-(1-methylethyl)-",23.58265
"1,7-Octadien-3-one, 2-methyl-6-methylene-",23.58265
"4-Octenoic acid, methyl ester",23.6521
5-Methyl-2-thiophenecarboxaldehyde,23.6521
"1,3,8-p-Menthatriene",23.72155
"(2R,4R)-4-Methyl-2-(2-methylprop-1-en-1-yl)tetrahydro-2H-pyran",23.73649
"1,2-Dihydrolinalool",23.791
Ethyl n-butyl disulphide,23.791
3-Methyl-2-thiophenecarboxaldehyde,23.86045
trans-Rose oxide,23.86045
"2,4,6-Octatriene, 3,4-dimethyl-",23.86045
"2,6-Dimethyl-1,3,5,7-octatetraene, E,E-",23.974
"2,4,6-Octatriene, 2,6-dimethyl-",23.985
"2,4,6-Octatriene, 2,6-dimethyl-, (E,Z)-",23.986
"Hexanoic acid, 2-ethyl-",23.99935
"3-Octanol, acetate",23.99935
Isophorone,24.0688
"Decane, 3,7-dimethyl-",24.13825
"Bicyclo[3.1.1]heptan-2-one, 6,6-dimethyl-",24.152
"Octanoic acid, methyl ester",24.2077
"3-Cyclohexen-1-ol, 1-methyl-4-(1-methylethyl)-",24.239
"Bicyclo[3.1.1]heptan-3-ol, 6,6-dimethyl-2-methylene-, [1S-(1alpha,3alpha,5alpha)]-",24.347
3-Mercaptohexanol,24.41605
"Acetic acid, 2-ethylhexyl ester",24.41605
"Cyclohexanol, 1-methyl-4-(1-methylethyl)-, cis-",24.49406
"2-Cyclohexen-1-ol, 1-methyl-4-(1-methylethyl)-, trans-",24.53
"1-Propanone, 1-(2-pyridinyl)-",24.686
"7-Oxabicyclo[4.1.0]heptane, 1-methyl-4-(1-methylethenyl)-",24.69385
"Hexanoic acid, 3-hydroxy-, ethyl ester",24.711
2-Isobutyl-3-methylpyrazine,24.7633
"Limonene oxide, cis-",24.7633
n-Butyl tiglate,24.7633
"Trisulfide, methyl 2-propenyl",24.777
"2,4,6-Octatriene, 2,6-dimethyl-, (E,E)-",24.829
"Pentanedioic acid, dimethyl ester",24.83275
Isopulegol,24.849
"Bicyclo[2.2.1]heptan-2-ol, 2,3,3-trimethyl-",24.858
"Cyclohexanecarboxylic acid, ethyl ester",24.9022
4-Acetyl-1-methylcyclohexene,24.97165
"Bicyclo[3.1.1]heptan-3-ol, 6,6-dimethyl-2-methylene-",25.0411
"Limonene oxide, trans-",25.0411
"4H-Pyran-4-one, 2,3-dihydro-3,5-dihydroxy-6-methyl-",25.073
(+)-(E)-Limonene oxide,25.11055
"Bicyclo[3.1.1]heptan-2-one, 6,6-dimethyl-, (1R)-",25.11055
Methyl nicotinate,25.11055
"Phenol, 2-ethyl-",25.11055
"6-Octenal, 7-methyl-3-methylene-",25.118
Verbenol,25.18
"Ethanone, 1-(1,4-dimethyl-3-cyclohexen-1-yl)-",25.187
"3-Cyclohexene-1-methanol, alpha,4-dimethyl-",25.195
trans-Verbenol,25.201
"Decane, 4-ethyl-",25.24945
"Bicyclo[3.1.1]hept-3-en-2-ol, 4,6,6-trimethyl-, [1S-(1alpha,2beta,5alpha)]-",25.3189
"Butanoic acid, 2-methyl-, pentyl ester",25.3189
"Bicyclo[2.2.1]heptan-2-one, 1,7,7-trimethyl-, (1S)-",25.3189
"Pentanoic acid, pentyl ester",25.3205
"Benzene, 1,3-butadienyl-",25.386
"Bicyclo[3.1.0]hexan-3-ol, 4-methylene-1-(1-methylethyl)-, [1S-(1alpha,3beta,5alpha)]-",25.38835
"Disulfide, methyl (methylthio)methyl",25.38835
Geijerene,25.38835
"4-Methyl-1,2,3-trithiolane",25.432
"2,6,6-Trimethyl-2-cyclohexene-1,4-dione",25.4578
Benzyl nitrile,25.4578
(+)-2-Bornanone,25.4578
"Trisulfide, methyl propyl",25.461
"2-Propionyl-3,4,5,6-tetrahydropyridine",25.486
cis-3-Hexenyl iso-butyrate,25.52725
Camphor,25.52725
Lilac aldehyde A,25.52725
"2-Methyl-6-methyleneocta-2,7-dien-4-one",25.52725
"Trisulfide, diethyl",25.52725
"Benzene, 1,2,3,4-tetramethyl-",25.52725
3-Methylbut-2-en-1-yl pivalate,25.559
"2,7-Octadien-4-ol, 2-methyl-6-methylene-, (S)-",25.66615
"6-Octenal, 3,7-dimethyl-, (S)-",25.71
"Bicyclo[3.1.0]hexan-2-one, 5-(1-methylethyl)-",25.716
"2-Nonenal, (Z)-",25.7356
"1,2,4-Trithiolane, 3,5-dimethyl-",25.7356
"Benzene, 1,2-dimethoxy-",25.7356
"Bicyclo[3.1.1]heptan-3-one, 2,6,6-trimethyl-, (1alpha,2alpha,5alpha)-",25.781
"5H-5-Methyl-6,7-dihydrocyclopentapyrazine",25.80505
"Hexanoic acid, 2-methylpropyl ester",25.80505
"(R,S)-5-Ethyl-6-methyl-3E-hepten-2-one",25.84
"Propanoic acid, 3-(methylthio)-",25.8745
"2,7-Octadien-4-ol, 2-methyl-6-methylene-",25.8745
"Propanoic acid, 2-methyl-, hexyl ester",25.8745
"Phenol, 2,4-dimethyl-",25.8745
"2,6-Nonadienal, (E,E)-",26.0134
"Cyclohexanol, 1-methyl-4-(1-methylethenyl)-",26.08285
Citronellal,26.08285
"2H-Pyran, 3,6-dihydro-4-methyl-2-(2-methyl-1-propenyl)-",26.08285
"Cyclohexanone, 5-methyl-2-(1-methylethyl)-, trans-",26.1523
"3-Cyclohexene-1-carboxaldehyde, 1,3,4-trimethyl-",26.1523
Lilac aldehyde B,26.1523
"Benzoic acid, 2-methyl-, methyl ester",26.1523
"Bicyclo[2.2.1]heptan-2-ol, 1,7,7-trimethyl-, (1S-endo)-",26.196
Cyclooctyl alcohol,26.22175
"2,6-Nonadienal, (E,Z)-",26.22175
(Z)-1-Methyl-3-(prop-1-en-1-yl)trisulfane,26.285
"Benzene, 1-ethenyl-4-methoxy-",26.2912
"3,6-Nonadien-1-ol, (E,Z)-",26.2912
"3-Nonen-1-ol, (Z)-",26.2912
"Spiro[bicyclo[3.1.1]heptane-2,2'-oxirane], 6,6-dimethyl-",26.2912
"Cyclopentasiloxane, decamethyl-",26.306
(Z)-Prop-1-en-1-yl propanedithioate,26.349
cis-Ocimenol,26.36065
Isoborneol,26.36065
"Cyclohexanemethanol, alpha,alpha-dimethyl-4-methylene-",26.423
"Pyrazine, 2,3-diethyl-5-methyl-",26.4301
"2(3H)-Furanone, dihydro-5-propyl-",26.49955
Albene,26.49955
Isoneral,26.507
"Benzenemethanethiol, alpha-methyl-",26.569
2-Nonenal,26.63845
(E)-1-Methyl-3-(prop-1-en-1-yl)trisulfane,26.668
"Bicyclo[3.1.1]heptan-3-one, 2,6,6-trimethyl-, (1alpha,2beta,5alpha)-",26.703
"2-Nonenal, (E)-",26.7079
cis-Chrysanthenol,26.7079
Benzenepropanal,26.7079
"2,3,5-Trimethyl-6-ethylpyrazine",26.77735
"Ethanone, 1-(2-hydroxyphenyl)-",26.77735
"Ethanethioic acid, S-(2-furanylmethyl) ester",26.77735
"p-Mentha-1(7),2-dien-8-ol",26.77735
"Benzaldehyde, 3-ethyl-",26.835
"Acetic acid, phenylmethyl ester",26.8468
"Cyclohexanone, 5-methyl-2-(1-methylethyl)-, cis-",26.8468
"Undecane, 2-methyl-",26.8468
Pinocarvone,26.8468
"Bicyclo[3.1.0]hex-3-en-2-one, 4-methyl-1-(1-methylethyl)-",26.902
"Benzofuran, 4,5,6,7-tetrahydro-3,6-dimethyl-",26.91625
"Benzene, 1,3-dimethoxy-",26.9857
"p-Mentha-1,5-dien-8-ol",27.05515
"2,6-Nonadien-1-ol",27.05515
"Thiophene, 2-pentyl-",27.05515
endo-Borneol,27.05515
"Benzene, 1,4-dimethoxy-",27.1246
"Bicyclo[3.1.0]hexan-3-ol, 4-methyl-1-(1-methylethyl)-",27.1246
Lilac aldehyde D,27.19405
trans-Ocimenol,27.19405
"Phenol, 4-ethyl-",27.19405
"Phenol, 3-ethyl-",27.19405
"trans,cis-2,6-Nonadien-1-ol",27.19405
"Cyclohexanol, 5-methyl-2-(1-methylethyl)-",27.19405
"2-((3,3-Dimethyloxiran-2-yl)methyl)-3-methylfuran",27.228
"Undecane, 3-methyl-",27.2635
Benzoic acid,27.2635
"4-Hexen-1-ol, 5-methyl-2-(1-methylethenyl)-, (R)-",27.2635
"4-Hexen-1-ol, 5-methyl-2-(1-methylethenyl)-",27.2635
"Benzenemethanol, alpha,alpha,4-trimethyl-",27.272
(6Z)-Nonen-1-ol,27.33295
"Phenol, 3,5-dimethyl-",27.33295
"Benzoic acid, ethyl ester",27.33295
"Benzene, 1,3-dichloro-2-methyl-",27.3866
1-Nonanol,27.47185
"(3R,6S)-2,2,6-Trimethyl-6-vinyltetrahydro-2H-pyran-3-ol",27.47185
dl-Menthol,27.5413
"(3E,5Z)-1,3,5-Undecatriene",27.5413
"Benzeneacetic acid, methyl ester",27.546
alpha-Thujenal,27.589
"1,2-Propanedione, 1-phenyl-",27.61075
"Pyrazine, 2-methoxy-3-(1-methylpropyl)-",27.61075
Levomenthol,27.61075
"1-Propanone, 1-phenyl-",27.6802
"2-Nonen-1-ol, (E)-",27.6802
"2-Cyclohexen-1-one, 4-(1-methylethyl)-",27.682
"1,3,5,8-Undecatetraene",27.74965
Terpinen-4-ol,27.74965
"2H-Pyran-3-ol, 6-ethenyltetrahydro-2,2,6-trimethyl-",27.8191
"Formic acid, 2-phenylethyl ester",27.8191
"Benzaldehyde, 2,4-dimethyl-",27.899
"3-Vinyl-1,2-dithiacyclohex-4-ene",27.9
"Benzaldehyde, 2-ethyl-",27.914
Octanoic acid,27.958
Isopinocarveol,27.958
"Benzaldehyde, 4-ethyl-",27.958
"Phenol, 2,3-dimethyl-",27.958
"(E,E)-1,3,5-Undecatriene",28.02745
alpha-Terpineol,28.047
"(3Z,5E)-1,3,5-Undecatriene",28.0969
"Butanedioic acid, diethyl ester",28.0969
Naphthalene,28.0969
"Cyclohexanol, 5-methyl-2-(1-methylethyl)-, (1alpha,2beta,5beta)-",28.0969
"3-Cyclohexen-1-ol, 4-methyl-1-(1-methylethyl)-, (R)-",28.0969
"Ethanone, 1-(4-methylphenyl)-",28.16635
"1,4-Cyclohexanedione, 2,2,6-trimethyl-",28.16635
"Pyrazine, 2-methoxy-3-(2-methylpropyl)-",28.16635
"2-Cyclohexene-1-methanol, 2,6,6-trimethyl-",28.2358
"2-Octenoic acid, methyl ester, (E)-",28.2358
"3,6-Octadienal, 3,7-dimethyl-",28.2358
"Bicyclo[3.1.1]hept-2-ene-2-carboxaldehyde, 6,6-dimethyl-",28.263
2-Methoxy-5-methylphenol,28.3
"Butanoic acid, 3-hexenyl ester, (E)-",28.30525
1-(2-Thienyl)-1-propanone,28.30525
"2-Cyclohexen-1-ol, 3-methyl-6-(1-methylethyl)-, cis-",28.361
m-Ethylacetophenone,28.3747
Dill ether,28.3747
"Bicyclo[3.1.1]hept-2-ene-2-methanol, 6,6-dimethyl-",28.395
"Butanoic acid, 3-hexenyl ester, (Z)-",28.44415
"1H-Pyrrole, 1-(2-furanylmethyl)-",28.44415
3-Decanone,28.44415
"4-Octenoic acid, ethyl ester, (Z)-",28.44415
cis-Dihydrocarvone,28.449
"Cyclohexanol, 5-methyl-2-(1-methylethyl)-, (1alpha,2alpha,5alpha)-",28.5136
Benzo[b]thiophene,28.5136
"Bicyclo[3.1.1]heptane-2-carboxaldehyde, 6,6-dimethyl-",28.5136
"1,3-Cyclohexadiene-1-carboxaldehyde, 2,6,6-trimethyl-",28.542
"Hexanoic acid, butyl ester",28.58305
1-Dodecene,28.6525
L-alpha-Terpineol,28.6525
"2-Butenoic acid, 2-methyl-, pentyl ester, (Z)-",28.6525
"3,7-Octadiene-2,6-diol, 2,6-dimethyl-",28.6525
"(E)-2,6-Dimethylocta-3,7-diene-2,6-diol",28.72195
"Cyclohexanol, 2-methyl-5-(1-methylethenyl)-, (1alpha,2beta,5alpha)-",28.7914
Methyl salicylate,28.7914
"Butanoic acid, hexyl ester",28.7914
"3-Vinyl-1,2-dithiacyclohex-5-ene",28.7914
"7-Octenoic acid, ethyl ester",28.8455
2-Decanone,28.86085
Creosol,28.86085
cis-4-Decenal,28.86085
"Phenol, 3,4-dimethyl-",28.86085
"4H-1,2,3-Trithiine",28.899
"Benzenemethanol, alpha-methyl-, acetate",28.9303
"Butanoic acid, 4-hexenyl ester, (Z)-",28.9665
"3-Octen-1-ol, acetate, (Z)-",28.99975
"Butanoic acid, 2-hexenyl ester, (E)-",28.99975
"Cyclohexanol, 2-methyl-5-(1-methylethenyl)-",28.99975
"Carbonotrithioic acid, dimethyl ester",29.0692
"2(5H)-Furanone, 5-ethyl-3-hydroxy-4-methyl-",29.0692
"Benzaldehyde, 3-methoxy-",29.0692
"Octanoic acid, ethyl ester",29.0692
"4H-Pyran-4-one, 3,5-dihydroxy-2-methyl-",29.0692
Estragole,29.0692
"Cyclohexanol, 1-methyl-4-(1-methylethylidene)-",29.13865
"Bicyclo[3.1.1]hept-3-en-2-one, 4,6,6-trimethyl-, (1S)-",29.178
(Z)-(E)-2-Methylbut-2-en-1-yl 2-methylbut-2-enoate,29.2081
"4-Decenal, (E)-",29.2081
"Cyclohexanone, 2-methyl-5-(1-methylethenyl)-, trans-",29.224
"Phenol, 2,4,6-trimethyl-",29.23
"Bicyclo[3.1.1]hept-3-en-2-one, 4,6,6-trimethyl-",29.249
"2-Cyclohexen-1-ol, 3-methyl-6-(1-methylethyl)-, trans-",29.291
2-Decanol,29.347
(-)-trans-Isopiperitenol,29.439
"3-Octenoic acid, ethyl ester",29.54992
Dodecane,29.57
"2-Oxabicyclo[2.2.2]octan-6-one, 1,3,3-trimethyl-",29.616
"Benzaldehyde, 2,5-dimethyl-",29.694
Decanal,29.75284
"Phenol, 2-(1-methylethyl)-",29.763
"2-Vinyl-4H-1,3-dithiine",29.77
"Acetic acid, octyl ester",29.876
"Undecane, 2,4-dimethyl-",29.88812
Catechol,29.88812
4-Undecanone,29.88812
"Benzoic acid, 4-methyl-, methyl ester",29.933
"Undecane, 2,6-dimethyl-",30.0234
(Z)-3-Phenylacrylaldehyde,30.024
Lilac alcohol A,30.09104
"Cyclohexanol, 2-methyl-5-(1-methylethenyl)-, (1alpha,2alpha,5beta)-",30.151
"Benzene, 1-methyl-4-nitro-",30.15868
"Nerol, methyl ether",30.15868
4-Methyleneisophorone,30.2
"2,4-Nonadienal",30.22632
(-)-Myrtenol,30.22632
"2,4-Nonadienal, (E,E)-",30.2455
"2-Oxabicyclo[2.2.2]octan-6-ol, 1,3,3-trimethyl-",30.267
"1,6-Octadien-3-ol, 3,7-dimethyl-, formate",30.3616
"Bicyclo[2.2.1]heptan-2-ol, 1,7,7-trimethyl-, formate, endo-",30.381
trans-Carveol,30.49688
"Benzoic acid, 1-methylethyl ester",30.49688
"2-Cyclohexen-1-ol, 2-methyl-5-(1-methylethenyl)-, cis-",30.563
Lilac alcohol C,30.63216
Lilac alcohol B,30.63216
Carveol,30.63216
"1-Cyclohexene-1-carboxaldehyde, 2,6,6-trimethyl-",30.6998
"1,4-Butanediol, diacetate",30.714
"1,2-Benzisothiazole",30.76744
"Formamide, N-phenyl-",30.76744
"Ethanone, 1-(2,4-dimethylphenyl)-",30.76744
"1-Nonanol, 4,8-dimethyl-",30.789
"6-Octen-1-ol, 7-methyl-3-methylene-",30.805
"2,6-Octadien-1-ol, 3,7-dimethyl-, (Z)-",30.833
"Benzaldehyde, 2-methoxy-",30.83508
"Benzofuran, 2,3-dihydro-",30.84
Fenchyl acetate,30.90272
"Benzene, 1-methoxy-4-methyl-2-(1-methylethyl)-",30.917
"3,6-Dimethyl-2,3,3a,4,5,7a-hexahydrobenzofuran",30.945
exo-2-Hydroxycineole,30.97036
"3-Decen-1-ol, (Z)-",31.038
"2,6-Octadiene, 1-methoxy-3,7-dimethyl-, (E)-",31.038
"Nonanoic acid, methyl ester",31.038
"Ethanol, 2-phenoxy-",31.038
"Furan, 3-phenyl-",31.10564
"Furan, 2-[(methyldithio)methyl]-",31.10564
"Benzene, 2-methoxy-4-methyl-1-(1-methylethyl)-",31.174
D-Verbenone,31.24092
Citronellol,31.24092
"Benzaldehyde, 4-(1-methylethyl)-",31.245
"Phenol, 4-ethyl-3-methyl-",31.2615
Benzothiazole,31.30856
"3-Cyclohexene-1-acetaldehyde, alpha,4-dimethyl-",31.30856
"(Z)-2,6-Dimethylocta-2,5,7-trien-4-one",31.44384
p-Cumenol,31.47
cis-3-Hexenyl-alpha-methylbutyrate,31.5045
3-Phenylpropanol,31.51148
Isobornyl formate,31.51148
Lilac alcohol D,31.51148
"2-Butanone, 4-phenyl-",31.51148
"3,4-Dimethoxytoluene",31.57912
5-Hydroxymethylfurfural,31.57912
"Tetrasulfide, dimethyl",31.64676
"1H-Pyrrole-2,5-dione, 3-ethyl-4-methyl-",31.72
"Butanoic acid, 2-methyl-, hexyl ester",31.78204
"2-Cyclohexen-1-one, 2-methyl-5-(1-methylethyl)-, (S)-",31.804
"Benzene, 2-methoxy-1-methyl-4-(1-methylethyl)-",31.824
6-Undecanone,31.84968
"2-Nonanol, acetate",31.84968
Pulegone,31.84968
cis-3-Hexenyl isovalerate,31.91732
"Octane, 1-iodo-",31.91732
"(E)-2,6-Dimethylocta-2,5,7-trien-4-one",31.98496
Neral,32.0526
"3,6-Octadien-1-ol, 3,7-dimethyl-, (Z)-",32.0526
Ethyl (E)-2-octenoate,32.0715
Thymoquinone,32.088
Trifluoroacetyl-lavandulol,32.103
Carvone,32.18788
"2-Cyclohexen-1-one, 3-methyl-6-(1-methylethyl)-",32.245
"Hexanedioic acid, dimethyl ester",32.25552
"2-Hexenoic acid, butyl ester, (E)-",32.25552
"2,4-Cycloheptadien-1-one, 2,6,6-trimethyl-",32.25552
"Benzene, 1-methoxy-4-(1-propenyl)-, (Z)-",32.303
"2-Butanone, 3-phenyl-",32.32316
Ascaridole,32.32316
"Butanoic acid, 3-methyl-, hexyl ester",32.32316
"Benzeneacetic acid, ethyl ester",32.45844
D-Carvone,32.45844
trans-2-Hexenyl isovalerate,32.49
"Bicyclo[3.1.1]hept-2-en-6-ol, 2,7,7-trimethyl-, acetate, [1S-(1alpha,5alpha,6beta)]-",32.514
"Hexanoic acid, 2-methylbutyl ester",32.52608
Edulan II,32.52608
Mequinol,32.59372
3-Mercaptohexyl acetate,32.59372
"2,6-Octadien-1-ol, 3,7-dimethyl-",32.709
"Phenol, 4-methyl-2-nitro-",32.729
"1-Cyclohexene-1-acetaldehyde, 2,6,6-trimethyl-",32.755
"Benzaldehyde, 4-methoxy-",32.79664
"Dodecane, 6-methyl-",32.79664
"Benzene, 1,4-dimethoxy-2-methyl-",32.79664
"2-Octenoic acid, ethyl ester",32.814
"2-Decenal, (Z)-",32.86428
Isopentyl hexanoate,32.86428
"7-Oxabicyclo[4.1.0]heptan-2-one, 3-methyl-6-(1-methylethyl)-",32.8815
"2,6-Dimethoxytoluene",32.99956
"Benzoic acid, 2-propenyl ester",32.99956
"Phenol, 4-(2-propenyl)-",33.0672
Geraniol,33.0672
"6-Octenoic acid, 3,7-dimethyl-, methyl ester",33.084
"7-Oxabicyclo[4.1.0]heptan-2-one, 6-methyl-3-(1-methylethyl)-",33.13484
"Cyclohexane, isothiocyanato-",33.13484
"Benzene, 1-(1-methylethenyl)-2-(1-methylethyl)-",33.158
"2-Decen-1-ol, (E)-",33.20248
Linalyl acetate,33.20248
Carvenone,33.20248
(Z)-4-Decen-1-ol,33.20248
"2H-Pyran-2-one, 5,6-dihydro-6-propyl-",33.244
"Acetic acid, 2-phenylethyl ester",33.27012
"p-Menth-8-en-3-ol, acetate",33.33776
5-(Furan-3-yl)-2-methylpent-1-en-3-one,33.33776
"Benzoic acid, 2-hydroxy-, ethyl ester",33.423
"2(3H)-Furanone, 5-butyldihydro-",33.47304
"1-Cyclohexene-1-carboxaldehyde, 4-(1-methylethyl)-",33.511
"1-Cyclohexene-1-carboxaldehyde, 4-(1-methylethenyl)-",33.535
"2-Cyclohexen-1-one, 3-methyl-6-(1-methylethenyl)-",33.536
Benzeneacetic acid,33.54068
"Propanoic acid, phenylmethyl ester",33.54068
"Carvone oxide, cis-",33.60832
"2-Decenal, (E)-",33.60832
"2,6-Octadienal, 3,7-dimethyl-, (E)-",33.649
"Hexane, 1,1'-oxybis-",33.67596
4-Thujen-2-alpha-yl acetate,33.892
"2-Cyclohexen-1-one, 3-methyl-6-(1-methylethenyl)-, (S)-",34.04
"Cinnamaldehyde, (E)-",34.0818
(Z)-Undec-6-en-2-one,34.113
"4-Isopropylcyclohexa-1,3-dienecarbaldehyde",34.117
"Dodecane, 2,6,11-trimethyl-",34.266
1-Decanol,34.28472
Nonanoic acid,34.28472
"1,7-Octadiene-3,6-diol, 2,6-dimethyl-",34.28472
"2-Propenal, 3-phenyl-",34.35236
"3,5-Dimethoxytoluene",34.35236
"Pentanedioic acid, diethyl ester",34.3665
"1H-Indole, 1-methyl-",34.42
Citral,34.48764
"6-Octen-1-ol, 3,7-dimethyl-, formate",34.48764
"Ethanone, 1-(4-ethylphenyl)-",34.55528
"Thiophene, 2-hexyl-",34.55528
"1-Octanol, 2-butyl-",34.55528
"Benzenepropanoic acid, methyl ester",34.69056
"Benzeneacetaldehyde, alpha-ethylidene-",34.69056
"3-Tridecene, (E)-",34.713
"2,6-Octadienoic acid, 3,7-dimethyl-, methyl ester, (Z)-",34.7582
"p-Mentha-1,8-dien-7-ol",34.806
"p-Mentha-1(7),8(10)-dien-9-ol",34.824
"2H-Pyran-2-one, tetrahydro-6-propyl-",34.84
3-Methoxybenzyl alcohol,34.89348
"Phenol, 4-ethyl-2-methoxy-",34.89348
3-Undecanone,34.96112
"2,6-Octadien-1-ol, 3,7-dimethyl-, formate, (Z)-",34.96112
"3-Cyclohexene-1-methanethiol, alpha,alpha,4-trimethyl-",34.96112
"Hexanoic acid, 3-methyl-2-butenyl ester",35.02876
Anethole,35.02876
"Bicyclo[2.2.1]heptan-2-ol, 1,7,7-trimethyl-, acetate, (1S-endo)-",35.02876
"(1S,3S,5S)-1-Isopropyl-4-methylenebicyclo[3.1.0]hexan-3-yl acetate",35.059
"Phenol, 2-methyl-5-(1-methylethyl)-",35.083
Bornyl acetate,35.0964
Isopulegol acetate,35.0964
2-n-Octylfuran,35.125
n-Propyl benzoate,35.16404
Isobornyl acetate,35.16404
"Tricyclo[2.2.1.0(2,6)]heptane-3-methanol, 2,3-dimethyl-",35.16404
"2H-Pyran-3-ol, 6-ethenyltetrahydro-2,2,6-trimethyl-, acetate, trans-",35.186
"Benzenemethanol, 2-methyl-, acetate",35.23168
Safrole,35.23168
"Hexanoic acid, pentyl ester",35.23168
"3-Cyclohexene-1-ethanol, beta,4-dimethyl-",35.272
"((1R,3R)-2,2-dimethyl-3-(2-methylprop-1-en-1-yl)cyclopropyl)methyl acetate",35.281
"1,4-p-Menthadien-7-al",35.29932
trans-3-Methyl-4-octanolide,35.29932
"5-Thiazoleethanol, 4-methyl-",35.29932
10-Undecenal,35.29932
"4-Hexen-1-ol, 5-methyl-2-(1-methylethenyl)-, acetate, (R)-",35.36696
p-Cymen-7-ol,35.36696
"Benzenemethanol, 4-methoxy-",35.4346
Menthyl acetate,35.45
Thymol,35.50224
"2,4,5-Trichlorotoluene",35.54
1-Tridecene,35.56988
"Acetic acid, non-3-enyl ester, cis-",35.56988
"Methyl 6,6-dimethylbicyclo[3.1.1]hept-2-ene-2-carboxylate",35.585
Tridecane,35.594
"Trisulfide, di-2-propenyl",35.62
"(1S,2R,4R,7R)-4-Isopropyl-7-methyl-3,8-dioxatricyclo[5.1.0.02,4]octane",35.645
"Cyclohexanol, 5-methyl-2-(1-methylethyl)-, acetate",35.70516
2-Undecanone,35.70516
"7-Oxabicyclo[4.1.0]heptane, 1-methyl-4-(2-methyloxiranyl)-",35.70516
"3-Cyclohexene-1-ethanol, beta,4-dimethyl-, [S-(R*,S*)]-",35.713
Indole,35.7728
"2,4-Decadienal, (E,Z)-",35.7728
trans-Pinocarvyl acetate,35.791
"Nonanoic acid, ethyl ester",35.84044
"Butanoic acid, heptyl ester",35.84044
"Phenol, 2-ethyl-4,5-dimethyl-",35.875
"Naphthalene, 1-methyl-",35.9
"2-Tridecene, (E)-",35.90808
Hexyl n-valerate,35.97572
"2(3H)-Furanone, 5-acetyldihydro-",36.04336
Propyl octanoate,36.067
"Naphthalene, 2-methyl-",36.071
"4,7,7-Trimethylbicyclo[4.1.0]hept-3-en-2-one",36.109
Geranyl formate,36.111
"p-Menthane-3,8-diol, cis-1,3,trans-1,4-",36.1755
4-Terpinenyl acetate,36.1755
"1-Oxaspiro[4.5]dec-6-ene, 2,6,10,10-tetramethyl-",36.24
Methyl cis-cinnamate,36.24
"2(3H)-Furanone, 5-butyldihydro-4-methyl-",36.24
"2-Tridecene, (Z)-",36.24
"Formamide, N,N-dibutyl-",36.2945
"Quinoxaline, 2-methyl-",36.369
"Benzene, (2-nitroethyl)-",36.369
"Propanoic acid, 2-methyl-, phenylmethyl ester",36.4335
Dihydrocarvyl acetate,36.498
1-Allyl-3-propyltrisulfane,36.531
"delta-Terpineol, acetate",36.557
6-Tridecene,36.5625
Undecanal,36.5625
2-Undecanol,36.5625
"1,2,3-Trimethoxybenzene",36.6
"Ethanone, 1-(2-aminophenyl)-",36.627
"1,2-Ethanediol, 1-phenyl-",36.627
"Acetic acid, nonyl ester",36.627
"2-Propen-1-ol, 3-phenyl-, (E)-",36.756
"3,7,7-Trimethylbicyclo[4.1.0]hept-3-ene-2,5-dione",36.849
"2-Propen-1-ol, 3-phenyl-",36.885
"2H-1-Benzopyran, 3,5,6,8a-tetrahydro-2,5,5,8a-tetramethyl-, trans-",37.014
"6-Octenoic acid, 3,7-dimethyl-",37.014
4-Methylpentyl 4-methylpentanoate,37.042
trans-Geranic acid methyl ester,37.205
"2,4-Decadienal, (E,E)-",37.2075
"2,4-Decadienal",37.2075
2-Methoxy-4-vinylphenol,37.2075
(Z)-1-Allyl-3-(prop-1-en-1-yl)trisulfane,37.237
"2,4,6-Trimethyl-1,3-phenylenediamine",37.272
Azulene,37.3365
"1,4-Cyclohexadiene-1-methanol, 4-(1-methylethyl)-",37.42
"Benzoic acid, 2-methylpropyl ester",37.4655
(Z)-1-(Prop-1-en-1-yl)-3-propyltrisulfane,37.52094
(E)-Hex-3-enyl (E)-2-methylbut-2-enoate,37.576
"2,6-Octadienoic acid, 3,7-dimethyl-, methyl ester",37.5945
"Cyclohexene, 4-ethenyl-4-methyl-3-(1-methylethenyl)-1-(1-methylethyl)-, (3R-trans)-",37.634
"1,5,5-Trimethyl-6-methylene-cyclohexene",37.637
(E)-1-Allyl-3-(prop-1-en-1-yl)trisulfane,37.684
"Decanoic acid, methyl ester",37.7235
"1-Oxaspiro[2.5]oct-5-ene, 8,8-dimethyl-4-methylene-",37.7235
"Dodecane, 4,6-dimethyl-",37.7235
"Cyclohexasiloxane, dodecamethyl-",37.793
"Megastigma-4,6(E),8(Z)-triene",37.84464
"1,3-Benzodioxole, 5-(1-propenyl)-",37.852
Myrtenyl acetate,37.8525
"1-Cyclohexene-1-ethanol, 2,6,6-trimethyl-",37.871
"Trisulfide, dipropyl",37.917
Silphiperfol-5-ene,37.939
"2-Cyclohexen-1-one, 3-methyl-6-(1-methylethylidene)-",37.94
"3-Buten-2-one, 4-phenyl-, (E)-",38.046
Piperonal,38.046
Cyclododecane,38.046
Hexyl tiglate,38.046
"2-Oxabicyclo[2.2.2]octan-6-ol, 1,3,3-trimethyl-, acetate",38.175
"3-((3R)-2,3-Dimethyltricyclo[2.2.1.02,6]heptan-3-yl)propanal",38.189
"Butanoic acid, 2-methyl-, heptyl ester",38.2395
"1,2-Cyclohexanediol, 1-methyl-4-(1-methylethenyl)-",38.405
(E)-1-(Prop-1-en-1-yl)-3-propyltrisulfane,38.4273
"1,6-Octadien-3-ol, 3,7-dimethyl-, propanoate",38.433
"2-Cyclohexen-1-ol, 2-methyl-5-(1-methylethenyl)-, acetate",38.433
alpha-Cubebene,38.434
"Phenol, 5-ethenyl-2-methoxy-",38.4975
"Benzene, 1,3,5-trichloro-2-methoxy-",38.562
alpha-Terpinyl acetate,38.602
"1,3-Di((E)-prop-1-en-1-yl)trisulfane",38.62152
"Benzenepropanoic acid, ethyl ester",38.627
7-epi-Silphiperfol-5-ene,38.65
"Phenol, 2,3,5,6-tetramethyl-",38.691
"2(3H)-Furanone, 5-butyldihydro-4-methyl-, cis-",38.691
"Benzoic acid, 2-methoxy-, methyl ester",38.82
"1-Cyclohexene-1-methanol, 4-(1-methylethenyl)-, formate",38.882
Methyl anthranilate,38.8845
"Phenol, 4-(2-propenyl)-, acetate",38.968
"Butanoic acid, phenylmethyl ester",39.0135
"Propanoic acid, 2-methyl-, octyl ester",39.078
"6-Octen-1-ol, 3,7-dimethyl-, acetate",39.108
n-Caprylic acid isobutyl ester,39.207
4-Acetylanisole,39.207
"Silphiperfola-4,7(14)-diene",39.244
"5-Methyl-1,2,3,4-tetrathiane",39.337
"1,2,4-Trithiolane, 3,5-diethyl-",39.465
"Tricyclo[5.4.0.0(2,8)]undec-9-ene, 2,6,6,9-tetramethyl-, (1R,2S,7R,8R)-",39.5295
"Naphthalene, 1,2-dihydro-1,1,6-trimethyl-",39.594
"Phenol, 2,6-dimethoxy-",39.6585
Geranic acid,39.6585
(+)-Diethyl L-tartrate,39.6585
"1,2,4-Metheno-1H-indene, octahydro-1,7a-dimethyl-5-(1-methylethyl)-, [1S-(1alpha,2alpha,3abeta,4alpha,5alpha,7abeta,8S*)]-",39.719
"1,3,5-Trithiane, 2,4,6-trimethyl-",39.723
Hexyl octyl ether,39.74
Eugenol,39.7875
"2-Cyclohexen-1-ol, 2-methyl-5-(1-methylethenyl)-, acetate, cis-",39.817
"2,6-Octadien-1-ol, 3,7-dimethyl-, acetate, (Z)-",39.827
Hydrocinnamic acid,39.9165
"Tridecane, 4-methyl-",39.9165
"Propanoic acid, 2-methyl-, 2-ethyl-3-hydroxyhexyl ester",40.035
"2,7-Octadiene-1,6-diol, 2,6-dimethyl-",40.0455
"Pyridine, 3-(1-methyl-2-pyrrolidinyl)-, (S)-",40.0455
3-Allyl-6-methoxyphenol,40.05
"2,3-Dimethyldodecane",40.117
"Benzene, 1,2-(methylenedioxy)-4-propenyl-, (E)-",40.152
"2(3H)-Furanone, dihydro-5-pentyl-",40.1745
isoledene,40.216
"Benzene, (isothiocyanatomethyl)-",40.239
"2-Octenal, 2-butyl-",40.24
"Undecanal, 2-methyl-",40.3035
"2-Undecenal, E-",40.3035
"3-Isopropyl-6,8a-dimethyl-1,2,4,5,8,8a-hexahydroazulene",40.356
2-Undecenal,40.4325
"Benzene, 1-methoxy-2-nitro-",40.497
"2(1H)-Naphthalenone, octahydro-8a-methyl-, trans-",40.497
Biphenyl,40.504
alpha-Bourbonene,40.515
"1H-Indene, 2,3,3a,4-tetrahydro-3,3a,6-trimethyl-1-(1-methylethyl)-",40.673
1-Undecanol,40.6905
"Carbamodithioic acid, diethyl-, methyl ester",40.696
(-)-beta-Bourbonene,40.719
Hexanedioic acid,40.755
"1,2,4-Trimethoxybenzene",40.755
Ylangene,40.755
"cis-(-)-2,4a,5,6,9a-Hexahydro-3,5,5,9-tetramethyl(1H)benzocycloheptene",40.784
"Tridecane, 3-methyl-",40.8
"Phenol, 2-methoxy-4-propyl-",40.8195
"Benzoic acid, 4-methoxy-, methyl ester",40.8195
n-Decanoic acid,40.8195
"3-Phenyl-1-propanol, acetate",40.8195
Linalyl isobutyrate,40.884
Ethyl (Z)-cinnamate,40.884
"1,2,4-Methenoazulene, decahydro-1,5,5,8a-tetramethyl-, [1S-(1alpha,2alpha,3abeta,4alpha,8abeta,9R*)]-",40.884
2-(4-Methoxyphenyl)ethanol,40.884
"1H-Cyclopenta[1,3]cyclopropa[1,2]benzene, octahydro-7-methyl-3-methylene-4-(1-methylethyl)-, [3aS-(3aalpha,3bbeta,4beta,7alpha,7aS*)]-",40.974
Copaene,41.013
Butyl benzoate,41.013
"(1R,3aS,5aS,8aR)-1,3a,4,5a-Tetramethyl-1,2,3,3a,5a,6,7,8-octahydrocyclopenta[c]pentalene",41.014
"2-Propanone, 1-(4-methoxyphenyl)-",41.092
"Cyclohexane, 1-ethenyl-1-methyl-2,4-bis(1-methylethenyl)-, [1S-(1alpha,2beta,4beta)]-",41.128
"1,2-Cyclohexanediol, 1-methyl-4-(1-methylethyl)-",41.142
"4-Tetradecene, (Z)-",41.142
"(1S,5S)-2-Methyl-5-((R)-6-methylhept-5-en-2-yl)bicyclo[3.1.0]hex-2-ene",41.172
"Thiophene, 2-heptyl-",41.2065
"2-Propenoic acid, 3-phenyl-, methyl ester, (E)-",41.2065
"2-Buten-1-one, 1-(2,6,6-trimethyl-1,3-cyclohexadien-1-yl)-, (E)-",41.211
"Hexanoic acid, 3-hexenyl ester, (Z)-",41.271
"2-Propenoic acid, 3-phenyl-, methyl ester",41.271
beta-Panasinsene,41.29
"4,7-Methanoazulene, 1,2,3,4,5,6,7,8-octahydro-1,4,9,9-tetramethyl-, [1S-(1alpha,4alpha,7alpha)]-",41.3355
Geranyl acetate,41.4
2-epi-alpha-Funebrene,41.432
"Benzeneacetaldehyde, alpha-(2-methylpropylidene)-",41.4645
"Butanoic acid, 3-methyl-, phenylmethyl ester",41.516
"Hexanoic acid, hexyl ester",41.529
"Propanoic acid, 2-methyl-, 2-phenylethyl ester",41.569
Lavandulyl propionate,41.573
Isobornyl propionate,41.658
"2,4-Decadienoic acid, methyl ester, (E,Z)-",41.658
"Hexanoic acid, 3-hexenyl ester",41.658
"Benzenepropanol, alpha-methyl-, acetate",41.69
Tetradecane,41.692
"4-Decenoic acid, 3-methyl-, (E)-",41.787
Butyl caprylate,41.8515
cis-3-Hexenyl cis-3-hexenoate,41.8515
Niacinamide,41.89
"2H-2,4a-Methanonaphthalene, 1,3,4,5,6,7-hexahydro-1,1,5,5-tetramethyl-, (2S)-",41.916
"Bicyclo[7.2.0]undec-4-ene, 4,11,11-trimethyl-8-methylene-,[1R-(1R*,4Z,9S*)]-",41.952
"Indole, 3-methyl-",41.9805
"Hexanoic acid, 2-hexenyl ester, (E)-",41.9805
"1,4-Methano-1H-indene, octahydro-4-methyl-8-methylene-7-(1-methylethyl)-, [1S-(1alpha,3abeta,4alpha,7alpha,7abeta)]-",41.985
"Butanoic acid, 2-methyl-, phenylmethyl ester",42.045
1-Tetradecene,42.045
"Benzene, 1,3,5-trimethoxy-",42.045
Di-epi-alpha-cedrene,42.08
"1H-Cyclopropa[a]naphthalene, 1a,2,3,3a,4,5,6,7b-octahydro-1,1,3a,7-tetramethyl-, [1aR-(1aalpha,3aalpha,7balpha)]-",42.083
"1H-Cycloprop[e]azulene, 1a,2,3,4,4a,5,6,7b-octahydro-1,1,4,7-tetramethyl-, [1aR-(1aalpha,4alpha,4abeta,7balpha)]-",42.084
"Butanoic acid, octyl ester",42.1095
"Benzeneacetic acid, 2-methylpropyl ester",42.1095
"Phenol, 4-(1,1-dimethylpropyl)-",42.148
"(1R,5R)-2-Methyl-5-((R)-6-methylhept-5-en-2-yl)bicyclo[3.1.0]hex-2-ene",42.166
"2-Cyclopenten-1-one, 3-methyl-2-(2-pentenyl)-, (Z)-",42.174
"(1R,3aR,4aR,8aR)-1,4,4,6-Tetramethyl-1,2,3,3a,4,4a,7,8-octahydrocyclopenta[1,4]cyclobuta[1,2]benzene",42.2385
"Benzenemethanol, alpha-ethyl-4-methoxy-",42.254
2-Dodecanone,42.303
"Decanoic acid, ethyl ester",42.303
"Pentanoic acid, phenylmethyl ester",42.303
beta-Longipinene,42.324
cis-Dodec-5-enal,42.3675
"3H-3a,7-Methanoazulene, 2,4,5,6,7,8-hexahydro-1,4,9,9-tetramethyl-, [3aR-(3aalpha,4beta,7alpha)]-",42.4965
9-Decen-1-yl acetate,42.4965
"(1R,5R)-1-Isopropyl-8-methyl-4-methylenespiro[4.5]dec-7-ene",42.507
"Propanoic acid, nonyl ester",42.62212
"Naphthalene, 2,6-dimethyl-",42.62212
Benzeneacetamide,42.68324
Methyleugenol,42.68324
"1H-3a,7-Methanoazulene, 2,3,4,7,8,8a-hexahydro-3,6,8,8-tetramethyl-, [3R-(3alpha,3abeta,7beta,8aalpha)]-",42.687
"(1R,3aS,4aS,8aS)-1,4,4,6-Tetramethyl-1,2,3,3a,4,4a,7,8-octahydrocyclopenta[1,4]cyclobuta[1,2]benzene",42.74436
(E)-2-Decenyl acetate,42.756
Vanillin,42.80548
delta-Nonalactone,42.80548
Diphenyl ether,42.80548
cis-alpha-Bergamotene,42.843
Longifolene,42.8666
"Tricyclo[2.2.1.0(2,6)]heptane, 1,7-dimethyl-7-(4-methyl-3-pentenyl)-, (-)-",42.875
"2-Butanone, 4-(2,6,6-trimethyl-2-cyclohexen-1-yl)-",42.92772
"Benzene, 1,2,3-trimethoxy-5-methyl-",42.98884
"2-Undecanone, 6,10-dimethyl-",43.01
"Phenol, 2-methoxy-4-(1-propenyl)-, (Z)-",43.04996
"Acetic acid, decyl ester",43.04996
"Benzoic acid, 2-(methylamino)-, methyl ester",43.04996
Dodecanal,43.11108
"Naphthalene, 1,7-dimethyl-",43.129
"Tricyclo[4.4.0.0(2,7)]decane, 1-methyl-3-methylene-8-(1-methylethyl)-, stereoisomer",43.275
"Benzoic acid, 2-methoxy-, ethyl ester",43.29444
"Benzoic acid, 2-amino-, ethyl ester",43.35556
"Benzenemethanol, 4-(1-methylethyl)-, acetate",43.383
alpha-Ionone,43.468
"1H-Cyclopropa[a]naphthalene, 1a,2,3,5,6,7,7a,7b-octahydro-1,1,7,7a-tetramethyl-, [1aR-(1aalpha,7alpha,7aalpha,7balpha)]-",43.521
"2-Cyclohexen-1-one, 4-hydroxy-3-methyl-6-(1-methylethyl)-, trans-",43.539
"1,5-Dimethyl-1-vinyl-4-hexenyl butyrate",43.66116
gamma-Elemene,43.711
Caryophyllene,43.72228
"(1R,2S,6S,7S,8S)-8-Isopropyl-1-methyl-3-methylenetricyclo[4.4.0.02,7]decane-rel-",43.782
"1H-3a,7-Methanoazulene, octahydro-3,8,8-trimethyl-6-methylene-, [3R-(3alpha,3abeta,7beta,8aalpha)]-",43.84452
trans-alpha-Bergamotene,43.87
"Bicyclo[3.1.1]hept-2-ene, 2,6-dimethyl-6-(4-methyl-3-pentenyl)-",43.88
alpha-Guaiene,43.944
"10,10-Dimethyl-2,6-dimethylenebicyclo[7.2.0]undecane",43.97
alpha-Maaliene,43.991
"Benzenemethanol, 4-methoxy-, acetate",44.02788
"2-Butanone, 4-(2,6,6-trimethyl-1-cyclohexen-1-yl)-",44.086
"Benzene, 1,4-dimethoxy-2-methyl-5-isopropyl-",44.094
Ionone,44.15012
"10-Undecenoic acid, methyl ester",44.21124
"1H-Cyclopropa[a]naphthalene, decahydro-1,1,3a-trimethyl-7-methylene-, [1aS-(1aalpha,3aalpha,7abeta,7balpha)]-",44.27
"3-Buten-2-ol, 4-(2,6,6-trimethyl-1-cyclohexen-1-yl)-",44.27236
"Undecanoic acid, methyl ester",44.27236
"(1R,3aS,8aS)-7-Isopropyl-1,4-dimethyl-1,2,3,3a,6,8a-hexahydroazulene",44.292
6-Methyl-4-heptenyl pentanoate,44.32728
cis-Thujopsene,44.33348
"1,1,4,7-Tetramethyl-1a,2,3,4,6,7,7a,7b-octahydro-1H-cyclopropa[e]azulene",44.42
"4a(2H)-Naphthalenol, octahydro-4,8a-dimethyl-,(4alpha,4aalpha,8abeta)-",44.45572
"Bicyclo[2.2.1]heptane, 2-methyl-3-methylene-2-(4-methyl-3-pentenyl)-, (1S-endo)-",44.522
"Butanoic acid, 2-methyl-, octyl ester",44.576
"2-Undecanol, acetate",44.57796
"(1S,4aR,7R)-1,4a-Dimethyl-7-(prop-1-en-2-yl)-1,2,3,4,4a,5,6,7-octahydronaphthalene",44.68166667
"5,9-Undecadien-2-one, 6,10-dimethyl-, (Z)-",44.7002
"2-Propenoic acid, 3-phenyl-",44.7002
"1H-Benzocycloheptene, 2,4a,5,6,7,8,9,9a-octahydro-3,5,5-trimethyl-9-methylene-, (4aS-cis)-",44.718
"(3aR,4R,8R,8aS)-3a,4,7,8a-Tetramethyl-1,2,3,3a,4,5,8,8a-octahydro-4,8-methanoazulene",44.76132
"p-Mentha-1,8-dien-7-yl acetate",44.76132
"(1S,4S,4aS)-1-Isopropyl-4,7-dimethyl-1,2,3,4,4a,5-hexahydronaphthalene",44.801
Erucin,44.82244
"(S,E)-2,5-Dimethyl-4-vinylhexa-2,5-dien-1-yl acetate",44.87
"3,5-Dimethoxy-4-hydroxytoluene",44.89
"1-Butanol, 3-methyl-, benzoate",44.94468
"cis-muurola-3,5-diene",44.97
"3a,7-Methano-3aH-cyclopentacyclooctene, 1,4,5,6,7,8,9,9a-octahydro-1,1,7-trimethyl-, [3aR-(3aalpha,7alpha,9abeta)]-",45.0058
beta-Humulene,45.0058
Aromandendrene,45.0058
"Acetic acid, cinnamyl ester",45.066
Coumarin,45.06692
"5,9-Undecadien-2-one, 6,10-dimethyl-, (E)-",45.213
cis-beta-Farnesene,45.25028
"Benzeneethanol, 4-hydroxy-",45.25028
"6-Octen-1-ol, 3,7-dimethyl-, propanoate",45.3114
"cis-Muurola-4(15),5-diene",45.333
Benzyl angelate,45.37252
Z-4-Dodecenol,45.408
(E)-beta-Famesene,45.413
beta-Phenylethyl butyrate,45.43364
"Octanedioic acid, dimethyl ester",45.49476
"2,6-Dodecadien-1-al",45.55588
"Octanoic acid, 3-methylbutyl ester",45.571
"Phenol, 2-methoxy-4-(1-propenyl)-",45.617
trans-Cinnamic acid,45.67812
"2,5-di-tert-Butyl-1,4-benzoquinone",45.71
11-Dodecenol,45.722
"Benzene, 1,2-dimethoxy-4-propenyl-, (Z)-",45.737
"Benzoic acid, pentyl ester",45.73924
"1-Cyclohexene-1-propanol, alpha,2,6,6-tetramethyl-",45.73924
"(1R,4R,4aS,8aR)-4,7-Dimethyl-1-(prop-1-en-2-yl)-1,2,3,4,4a,5,6,8a-octahydronaphthalene",45.747
"2H-Pyran-2-one, 6-pentyl-",45.80036
(-)-Aristolene,45.80036
"Benzoic acid, 4-methoxy-, ethyl ester",45.80036
Dimethyl phthalate,45.86148
Humulene,45.86148
trans-Isoeugenol,45.86148
"2-Propenoic acid, 3-phenyl-, ethyl ester",45.915
"Acetophenone, 4'-hydroxy-",45.9226
"2,6-Octadien-1-ol, 3,7-dimethyl-, propanoate, (Z)-",45.9226
"5,9-Undecadien-2-one, 6,10-dimethyl-",45.98372
"(1S,5S)-4-Methylene-1-((R)-6-methylhept-5-en-2-yl)bicyclo[3.1.0]hexane",46.017
"Azulene, 1,2,3,3a,4,5,6,7-octahydro-1,4-dimethyl-7-(1-methylethenyl)-, [1R-(1alpha,3abeta,4alpha,7beta)]-",46.043
"Spiro[4.5]dec-7-ene, 1,8-dimethyl-4-(1-methylethenyl)-, [1S-(1alpha,4beta,5alpha)]-",46.046
"(1R,9R,E)-4,11,11-Trimethyl-8-methylenebicyclo[7.2.0]undec-4-ene",46.081
"1(2H)-Naphthalenone, 3,4-dihydro-",46.10596
"5,9-Undecadien-2-ol, 6,10-dimethyl-",46.16708
"2,5-Cyclohexadiene-1,4-dione, 2,6-bis(1,1-dimethylethyl)-",46.194
"(4R,4aS,6S)-4,4a-Dimethyl-6-(prop-1-en-2-yl)-1,2,3,4,4a,5,6,7-octahydronaphthalene",46.2105
gamma-Muurolene,46.278
"Cyclohexane, 1-(1,5-dimethylhexyl)-4-methyl-",46.28932
"Ethanone, 1,1'-(1,4-phenylene)bis-",46.28932
Alloaromadendrene,46.28932
"Cyclohexene, 6-ethenyl-6-methyl-1-(1-methylethyl)-3-(1-methylethylidene)-, (S)-",46.35044
"Bicyclo[2.2.1]heptane, 2-methyl-3-methylene-2-(4-methyl-3-pentenyl)-, (1S-exo)-",46.35044
"Cyclohexane, 1-ethenyl-1-methyl-2-(1-methylethenyl)-4-(1-methylethylidene)-",46.35876
"Benzaldehyde, 2,5-dimethoxy-",46.35876
Methylparaben,46.41156
cis-7-Dodecen-1-ol,46.41156
"2-Propenoic acid, 3-phenyl-, ethyl ester, (E)-",46.41156
"Tetradecane, 2-methyl-",46.41156
"Naphthalene, decahydro-4a-methyl-1-methylene-7-(1-methylethenyl)-, [4aR-(4aalpha,7alpha,8abeta)]-",46.434
"1-Isopropyl-4,7-dimethyl-1,2,3,4,5,6-hexahydronaphthalene",46.443
"Benzene, (2-isothiocyanatoethyl)-",46.5338
2-Dodecenal,46.5338
"Naphthalene, decahydro-4a-methyl-1-methylene-7-(1-methylethylidene)-, (4aR-trans)-",46.58
"Spiro[5.5]undec-2-ene, 3,7,7-trimethyl-11-methylene-, (-)-",46.64
"(1R,4aS,8aR)-1-Isopropyl-4,7-dimethyl-1,2,4a,5,6,8a-hexahydronaphthalene",46.656
"2-Dodecenal, (E)-",46.71716
"Benzene, 1-(1,5-dimethyl-4-hexenyl)-4-methyl-",46.798
"Naphthalene, 1,2,4a,5,6,8a-hexahydro-4,7-dimethyl-1-(1-methylethyl)-",46.813
Pentyl octanoate,46.8394
"2(3H)-Furanone, 5-hexyldihydro-",46.8394
2-Dodecen-1-ol,46.96164
trans-beta-Ionone,46.99
5-Hydroxy-6-methoxy-8-[(4-amino-1-methylbutyl)amino]quinoline trihydrobromide,46.994
"3-Buten-2-one, 4-(2,2,6-trimethyl-7-oxabicyclo[4.1.0]hept-1-yl)-",47.02276
1-Dodecanol,47.02276
"7,8-Epoxy-alpha-ionone",47.08388
Undecanoic acid,47.145
Geranyl propionate,47.145
"(1R,4S,5S)-1,8-Dimethyl-4-(prop-1-en-2-yl)spiro[4.5]dec-7-ene",47.145
"4a,8-Dimethyl-2-(prop-1-en-2-yl)-1,2,3,4,4a,5,6,7-octahydronaphthalene",47.23
"Naphthalene, 1,2,3,5,6,7,8,8a-octahydro-1,8a-dimethyl-7-(1-methylethenyl)-, [1R-(1alpha,7beta,8aalpha)]-",47.287
"(1S,2E,6E,10R)-3,7,11,11-Tetramethylbicyclo[8.1.0]undeca-2,6-diene",47.363
"2H-3,9a-Methano-1-benzoxepin, octahydro-2,2,5a,9-tetramethyl-, [3R-(3alpha,5aalpha,9alpha,9aalpha)]-",47.372
"2,4-Decadienoic acid, ethyl ester, (E,Z)-",47.38948
"1-Methyl-4-(6-methylhept-5-en-2-yl)cyclohexa-1,3-diene",47.4506
Thymyl isobutyrate,47.4506
Germacrene D,47.51172
"(1S,4aR,8aS)-1-Isopropyl-7-methyl-4-methylene-1,2,3,4,4a,5,6,8a-octahydronaphthalene",47.537
"1,3-Cyclohexadiene, 5-(1,5-dimethyl-4-hexenyl)-2-methyl-, [S-(R*,S*)]-",47.578
Citronellyl isobutyrate,47.63396
"2,4,5,7-Tetrathiaoctane",47.69508
Undecylenic acid,47.69508
Bornyl isovalerate,47.69508
alpha-Muurolene,47.725
"4-(2,6,6-Trimethylcyclohexa-1,3-dienyl)but-3-en-2-one",47.7562
"1,3,6,10-Dodecatetraene, 3,7,11-trimethyl-, (Z,E)-",47.77
5-Methyl-2-phenyl-2-hexenal,47.81732
n-Heptyl hexanoate,47.852
"Propanoic acid, 2-methyl-, 3,7-dimethyl-2,6-octadienyl ester, (Z)-",47.87844
Aristolochene,47.87844
"Formamide, N-(2-phenylethyl)-",47.87844
"Naphthalene, 1,2,3,4,4a,5,6,8a-octahydro-4a,8-dimethyl-2-(1-methylethenyl)-, [2R-(2alpha,4aalpha,8abeta)]-",47.92
"(3S,3aS,8aR)-6,8a-Dimethyl-3-(prop-1-en-2-yl)-1,2,3,3a,4,5,8,8a-octahydroazulene",47.93
"Butanoic acid, 2-methyl-, 2-phenylethyl ester",47.93956
"Benzene, 1,2-dimethoxy-4-(1-propenyl)-, (E)-",47.983
Apocynin,48.00068
Bicyclosesquiphellandrene,48.00068
"(5R,10R)-10-Methyl-6-methylene-2-(propan-2-ylidene)spiro[4.5]dec-7-ene",48.009
Pentadecane,48.034
"Butanoic acid, 3-methyl-, 2-phenylethyl ester",48.0618
"Acetic acid, phenyl-, isopentyl ester",48.0618
beta-Guaiene,48.0618
"Naphthalene, 1,2,3,5,6,7,8,8a-octahydro-1,8a-dimethyl-7-(1-methylethenyl)-, [1S-(1alpha,7alpha,8aalpha)]-",48.098
"2H-Pyran-2-one, tetrahydro-6-pentyl-",48.098
"Azulene, 1,2,3,5,6,7,8,8a-octahydro-1,4-dimethyl-7-(1-methylethenyl)-, [1S-(1alpha,7alpha,8abeta)]-",48.147
"Naphthalene, 1,2,3,4,4a,5,6,8a-octahydro-7-methyl-4-methylene-1-(1-methylethyl)-, (1alpha,4abeta,8aalpha)-",48.167
Epizonarene,48.18
"Benzene, 1,2-dimethoxy-4-(1-propenyl)-",48.18404
1-Pentadecene,48.18404
"Phenol, 3-(1,1-dimethylethyl)-4-methoxy-",48.219
"1H-Cycloprop[e]azulene, 1a,2,3,5,6,7,7a,7b-octahydro-1,1,4,7-tetramethyl-, [1aR-(1aalpha,7alpha,7abeta,7balpha)]-",48.24516
(+)-Cycloisolongifol-5-ol,48.289
"1-Decanol, 2-hexyl-",48.29
"Undecanoic acid, ethyl ester",48.30628
"(1S,7S,8aR)-1,8a-Dimethyl-7-(prop-1-en-2-yl)-1,2,3,7,8,8a-hexahydronaphthalene",48.332
cis-alpha-Bisabolene,48.343
beta-Bisabolene,48.363
"Benzaldehyde, 3,4-dimethoxy-",48.3674
"Bicyclo[4.4.0]dec-1-ene, 2-isopropyl-5-methyl-9-methylene-",48.442
"(E,Z)-alpha-Farnesene",48.48964
2-Tridecanone,48.48964
alpha-Farnesene,48.5
Benzyl tiglate,48.55076
3-Tridecanone,48.55076
"(R)-1-Methyl-4-(6-methylhept-5-en-2-yl)cyclohexa-1,4-diene",48.574
Bicyclogermacrene,48.61188
"1H-Benzocycloheptene, 2,4a,5,6,7,8-hexahydro-3,5,5,9-tetramethyl-, (R)-",48.673
(Z)-1-Methyl-4-(6-methylhept-5-en-2-ylidene)cyclohex-1-ene,48.692
"Propanoic acid, decyl ester",48.73088
"(Z,Z)-alpha-Farnesene",48.73088
"(2S,4aR,8aR)-4a,8-Dimethyl-2-(prop-1-en-2-yl)-1,2,3,4,4a,5,6,8a-octahydronaphthalene",48.804
"Phenol, 2,5-bis(1,1-dimethylethyl)-",48.874
Geranyl isobutyrate,48.917
"Benzene, 1-methyl-4-(1,2,2-trimethylcyclopentyl)-, (R)-",48.9624
"Naphthalene, 1,2,3,4-tetrahydro-1,6-dimethyl-4-(1-methylethyl)-, (1S-cis)-",49.059
"Naphthalene, 1,2,4a,5,8,8a-hexahydro-4,7-dimethyl-1-(1-methylethyl)-, [1S-(1alpha,4abeta,8aalpha)]-",49.074
o-Hydroxybiphenyl,49.07816
"Naphthalene, decahydro-1,6-dimethyl-4-(1-methylethyl)-",49.13604
(R)-5-Methyl-2-(prop-1-en-2-yl)hex-4-en-1-yl 3-methylbutanoate,49.141
"1,3-Benzodioxole, 4-methoxy-6-(2-propenyl)-",49.148
alpha-Cuprenene,49.19392
"Cyclohexene, 3-(1,5-dimethyl-4-hexenyl)-6-methylene-, [S-(R*,S*)]-",49.196
"Pentanoic acid, 1-ethenyl-1,5-dimethyl-4-hexenyl ester",49.2518
2-Tridecanol,49.2518
"Phenol, 4-(ethoxymethyl)-2-methoxy-",49.2518
"Cyclohexene, 4-[(1E)-1,5-dimethyl-1,4-hexadien-1-yl]-1-methyl-",49.36756
Tridecanal,49.36756
Sobrerol 8-acetate,49.391
"1-Undecanol, acetate",49.42544
Butylated Hydroxytoluene,49.42544
Dibenzofuran,49.48332
"(3S,3aR,3bR,4S,7R,7aR)-4-Isopropyl-3,7-dimethyloctahydro-1H-cyclopenta[1,3]cyclopropa[1,2]benzen-3-ol",49.5412
(-)-alpha-Panasinsen,49.567
Sesquicineole,49.59908
(E)-1-Methyl-4-(6-methylhept-5-en-2-ylidene)cyclohex-1-ene,49.683
"2H-Pyran-2-one, tetrahydro-6-(2-pentenyl)-, (Z)-",49.71484
"(4aS,8R)-4a,8-Dimethyl-4,4a,5,6,7,8-hexahydronaphthalen-2(3H)-one",49.756
"2,4-Di-tert-butylphenol",49.77272
trans-Calamenene,49.78
"Naphthalene, 1,2,4a,5,6,8a-hexahydro-4,7-dimethyl-1-(1-methylethyl)-, [1S-(1alpha,4abeta,8aalpha)]-",49.845
"Benzoic acid, 4-hydroxy-3-methoxy-, methyl ester",49.94636
"Naphthalene, 1,2,3,4,4a,7-hexahydro-1,6-dimethyl-4-(1-methylethyl)-",50.05569
"2,4-Dodecadienal, (E,E)-",50.06212
"Phenol, 2-methoxy-4-(2-propenyl)-, acetate",50.06212
"Naphthalene, 1,2,3,5,6,8a-hexahydro-4,7-dimethyl-1-(1-methylethyl)-, (1S-cis)-",50.06212
alpha-Calacorene,50.112
"Dodecanoic acid, methyl ester",50.17788
"Tetrasulfide, di-2-propenyl",50.3035
"(8R,8aS)-8,8a-Dimethyl-2-(propan-2-ylidene)-1,2,3,7,8,8a-hexahydronaphthalene",50.393
Citronellyl butyrate,50.4094
Cubenene,50.52516
"2(4H)-Benzofuranone, 5,6,7,7a-tetrahydro-4,4,7a-trimethyl-, (R)-",50.52516
"Cyclohexanemethanol, 4-ethenyl-alpha,alpha,4-trimethyl-3-(1-methylethenyl)-, [1R-(1alpha,3alpha,4beta)]-",50.617
Homovanillyl alcohol,50.64092
"3,5,9-Undecatrien-2-one, 6,10-dimethyl-, (E,Z)-",50.6988
"Selina-3,7(11)-diene",50.74
"2-Propanone, 1-(4-hydroxy-3-methoxyphenyl)-",50.75668
Mandelamide,50.75668
"6-Isobutyryl-2,2,4,4-tetramethylcyclohexane-1,3,5-trione",50.812
"2(4H)-Benzofuranone, 5,6,7,7a-tetrahydro-4,4,7a-trimethyl-",50.87244
Isoamyl salicylate,50.87244
"Tetradecane, 2,6,10-trimethyl-",50.93032
"(1S,2R,5R)-2-Methyl-5-((R)-6-methylhept-5-en-2-yl)bicyclo[3.1.0]hexan-2-ol",50.977
"Furan, 3,3'-dithiobis[2-methyl-",50.9882
"1,5-Cyclodecadiene, 1,5-dimethyl-8-(1-methylethylidene)-, (E,E)-",51
gamma-Dehydro-ar-himachalene,51.006
"Phenol, 2-(1-methylethyl)-, methylcarbamate",51.006
Sesquirosefuran,51.142
Berteroin,51.21972
Nerolidol,51.21972
"4-Isopropyl-6-methyl-1-methylene-1,2,3,4-tetrahydronaphthalene",51.309
n-Capric acid isobutyl ester,51.33548
"Cadala-1(10),3,8-triene",51.34
"Pentadecane, 6-methyl-",51.39336
"Hexanoic acid, phenylmethyl ester",51.39336
"Benzene, 1,2,3-trimethoxy-5-(2-propenyl)-",51.468
"1,6,10-Dodecatrien-3-ol, 3,7,11-trimethyl-, (E)-",51.674
"(3aR,3bS,6S,6aR,6bS)-6-Isopropyl-3b-methyloctahydrocyclobuta[1,2:3,4]di[5]annulen-1(2H)-one",51.79359
8-Acetoxycarvotanacetone,51.799
"p-Cymene-2,5-diol",51.869
"(2E,4S,7E)-4-Isopropyl-1,7-dimethylcyclodeca-2,7-dienol",52.025
"1-Propanone, 1-(4-hydroxy-3-methoxyphenyl)-",52.1458
"2-Butanone, 4-(4-hydroxyphenyl)-",52.1458
"Furan, 3-(4,8-dimethyl-3,7-nonadienyl)-, (E)-",52.214
"Butanoic acid, 3,7-dimethyl-2,6-octadienyl ester, (E)-",52.26156
"Phenol, 4-ethenyl-2,6-dimethoxy-",52.31944
"Benzoic acid, 2-(formylamino)-, methyl ester",52.37732
"1,6,10-Dodecatrien-3-ol, 3,7,11-trimethyl-",52.37732
"Bicyclo[3.1.0]hexan-2-one, 1,5-bis(1,1-dimethylethyl)-3,3-dimethyl-",52.4352
Ledol,52.4352
"1H-Cycloprop[e]azulen-7-ol, decahydro-1,1,7-trimethyl-4-methylene-, [1ar-(1aalpha,4aalpha,7beta,7abeta,7balpha)]-",52.47
4-Methoxycinnamaldehyde,52.49308
"4,8-Methanoazulen-9-ol, decahydro-2,2,4,8-tetramethyl-, stereoisomer",52.49308
"(3E,7E)-4,8,12-Trimethyltrideca-1,3,7,11-tetraene",52.602
"4aH-Cycloprop[e]azulen-4a-ol, decahydro-1,1,4,7-tetramethyl-, [1aR-(1aalpha,4beta,4abeta,7alpha,7abeta,7balpha)]-",52.60884
Dodecanoic acid,52.60884
2-Methyl-6-(p-tolyl)hept-2-en-4-ol,52.62
"(5S,6R,7S,10R)-7-Isopropyl-2,10-dimethylspiro[4.5]dec-1-en-6-ol",52.674
"3-Hexen-1-ol, benzoate, (Z)-",52.7246
"2-Tridecen-1-ol, (E)-",52.7246
"2-Tridecenal, (E)-",52.78248
"Pentadecane, 3-methyl-",52.85
"(1aR,4S,4aR,7R,7aS,7bS)-1,1,4,7-Tetramethyldecahydro-1H-cyclopropa[e]azulen-4-ol",52.854
"1-((1R,2R,3R)-2-(3-Isopropylfuran-2-yl)-3-methylcyclopentyl)ethanone",52.894
E-2-Hexenyl benzoate,52.896
Globulol,52.95219
"1H-Cycloprop[e]azulen-4-ol, decahydro-1,1,4,7-tetramethyl-, [1aR-(1aalpha,4beta,4abeta,7alpha,7abeta,7balpha)]-",53.037
"Butanoic acid, 2-methyl-, 3,7-dimethyl-2,6-octadienyl ester, (Z)-",53.07188
"2(3H)-Furanone, 5-heptyldihydro-",53.07188
n-Tridecan-1-ol,53.12976
(-)-Spathulenol,53.12976
"Benzoic acid, 4-hydroxy-3-methoxy-, ethyl ester",53.24552
(-)-Globulol,53.3034
"Benzoic acid, hexyl ester",53.3034
"Octanoic acid, 3-hexenyl ester, (Z)-",53.311
trans-Sesquisabinene hydrate,53.36128
"Octanoic acid, hexyl ester",53.36128
Caryophyllene oxide,53.36128
"Hexanoic acid, octyl ester",53.365
"2-((3R,3aR,3bS,4R,7R,7aS)-3,7-Dimethyloctahydro-1H-cyclopenta[1,3]cyclopropa[1,2]benzen-4-yl)propan-2-ol",53.4
"Butanoic acid, 3-phenyl-2-propenyl ester",53.41916
"Benzoic acid, 2-hydroxy-, pentyl ester",53.47704
Salvial-4(14)-en-1-one,53.556
"2-Naphthalenemethanol, 2,3,4,4a,5,6,7,8-octahydro-alpha,alpha,4a,8-tetramethyl-, [2R-(2alpha,4abeta,8beta)]-",53.566
3-Hexen-1-ol benzoate,53.5928
"Butanoic acid, decyl ester",53.664
"Disulfide, 1-(1-propenylthio)propyl propyl",53.717
"(1R,3E,7E,11R)-1,5,5,8-Tetramethyl-12-oxabicyclo[9.1.0]dodeca-3,7-diene",53.779
"2,2,4-Trimethyl-1,3-pentanediol diisobutyrate",53.78
Hexadecane,53.794
(.+/-.)-Dihydro-ar-turmerone,53.82114
"3,5,9-Undecatrien-2-one, 6,10-dimethyl-, (E,E)-",53.82432
2-Phenylethyl tiglate,53.82432
Isopentyl 8-methylnon-6-enoate,53.841
beta-Elemenone,53.866
Butyl caprate,53.8822
Isoaromadendrene epoxide,53.904
Cetene,53.99796
"Phenol, 2,6-dimethoxy-4-(2-propenyl)-",54.092
Carotol,54.11372
Diethyl Phthalate,54.11372
"Dodecanoic acid, ethyl ester",54.1716
Guaiol,54.22948
"4a(2H)-Naphthalenol, 1,3,4,5,6,8a-hexahydro-4,7-dimethyl-1-(1-methylethyl)-, (1S,4S,4aS,8aR)-",54.234
Junenol,54.255
"1H-Benzocyclohepten-7-ol, 2,3,4,4a,5,6,7,8-octahydro-1,1,4a,7-tetramethyl-, cis-",54.264
2-Tetradecanone,54.28736
Cedrol,54.34524
"trans-2-Dodecen-1-ol, acetate",54.366
"(1R,4R)-1-methyl-4-(6-Methylhept-5-en-2-yl)cyclohex-2-enol",54.479
Humulene epoxide I,54.67976
Geranyl isovalerate,54.78914
beta-Oplopenone,54.78914
Lauryl acetate,54.84383
2-(Methylmercapto)benzothiazole,54.84383
alpha-Corocalene,54.845
"Phenol, 2-methoxy-4-(1-propenyl)-, acetate",54.867
10-epi-gamma-Eudesmol,54.993
"1H-3a,7-Methanoazulen-5-ol, octahydro-3,8,8-trimethyl-6-methylene-",55.0079
"4a(2H)-Naphthalenol, 1,3,4,5,6,8a-hexahydro-4,7-dimethyl-1-(1-methylethyl)-, (1S,4R,4aS,8aR)-",55.149
"1,4-Naphthalenedione, 2-hydroxy-3-methyl-",55.15
Tetradecanal,55.17197
"Benzaldehyde, 3,4,5-trimethoxy-",55.28135
"Dodecanoic acid, 1-methylethyl ester",55.44542
3-Hydroxy-beta-damascone,55.44542
Hinesol,55.563
"2-Naphthalenemethanol, 1,2,3,4,4a,5,6,7-octahydro-alpha,alpha,4a,8-tetramethyl-, (2R-cis)-",55.61
"1,3-Benzodioxole, 4,5-dimethoxy-6-(2-propenyl)-",55.66418
"Caryophylla-4(12),8(13)-dien-5alpha-ol",55.7025
tau-Cadinol,55.711
Citronellyl valerate,55.82825
beta-Asarone,55.99232
"1-Naphthalenol, 1,2,3,4,4a,7,8,8a-octahydro-1,6-dimethyl-4-(1-methylethyl)-, [1R-(1alpha,4beta,4abeta,8abeta)]-",56.032
"2-Naphthalenemethanol, decahydro-alpha,alpha,4a-trimethyl-8-methylene-, [2R-(2alpha,4aalpha,8abeta)]-",56.115
tau-Muurolol,56.23188
Agarospirol,56.238
p-Coumaric acid,56.37515
Benzophenone,56.37515
alpha-Cadinol,56.455
Methyl jasmonate,56.53922
"11,11-Dimethyl-4,8-dimethylenebicyclo[7.2.0]undecan-3-ol",56.598
Cubenol,56.75798
Neointermedeol,56.797
"3,4-Dimethyl-2-(propyldisulfanyl)thiophene",56.861
"2-Naphthalenemethanol, 1,2,3,4,4a,5,6,8a-octahydro-alpha,alpha,4a,8-tetramethyl-, [2R-(2alpha,4aalpha,8abeta)]-",56.905
Isoelemicin,56.92205
3-Butylisobenzofuran-1(3H)-one,56.93
"2-Furanmethanol, tetrahydro-alpha,alpha,5-trimethyl-5-(4-methyl-3-cyclohexen-1-yl)-, [2S-[2alpha,5beta(R*)]]-",56.951
"Pentadecanoic acid, 3-methylbutyl ester",56.97674
"2-Cyclohexen-1-one, 4-(3-hydroxy-1-butenyl)-3,5,5-trimethyl-",57.03143
"2-Butanone, 4-(4-hydroxy-3-methoxyphenyl)-",57.08612
Longiverbenone,57.14081
"(E)-3,4-Dimethyl-2-(prop-1-en-1-yldisulfanyl)thiophene",57.194
"Hexanoic acid, 2-phenylethyl ester",57.1955
aR-Turmerone,57.241
"Benzenepropanol, 4-hydroxy-3-methoxy-",57.25019
"Hexadecane, 2-methyl-",57.289
"Benzene, 1,2,3-trimethoxy-5-(1-propenyl)-, (E)-",57.41426
"1,4-Dimethyl-7-(prop-1-en-2-yl)decahydroazulen-4-ol",57.46895
"1,8,11-Heptadecatriene, (Z,Z)-",57.4886
"Benzoic acid, cyclohexyl ester",57.57833
"Naphthalene, 1,6-dimethyl-4-(1-methylethyl)-",57.582
"6,9-Heptadecadiene",57.601
"Pentanoic acid, 3,7-dimethyl-2,6-octadienyl ester, (E)-",57.68771
cis-7-Tetradecen-1-ol,57.7424
"2-((2R,8R,8aS)-8,8a-Dimethyl-1,2,3,4,6,7,8,8a-octahydronaphthalen-2-yl)propan-2-ol",57.79709
"2-Cyclohexen-1-one, 2,4,4-trimethyl-3-(3-oxo-1-butenyl)-",57.79709
"2(3H)-Furanone, dihydro-5-(2-octenyl)-, (Z)-",57.79709
cis-9-Tetradecen-1-ol,57.834
Ylangenal,57.847
Xanthoxylin,57.893
"Benzaldehyde, 4-hydroxy-3,5-dimethoxy-",57.90647
"Cyclooctasiloxane, hexadecamethyl-",57.939
"3-Cyclohexen-1-ol, 1-(1,5-dimethyl-4-hexenyl)-4-methyl-",57.96
1-(3-Methyl-2-butenoxy)-4-(1-propenyl)benzene,58.009
Tridecanoic acid,58.07054
"5-Azulenemethanol, 1,2,3,3a,4,5,6,7-octahydro-alpha,alpha,3,8-tetramethyl-, [3S-(3alpha,3abeta,5alpha)]-",58.12523
alpha-Bisabolol,58.157
Apiol,58.325
Azelaic acid,58.39868
cis-11-Tetradecen-1-ol,58.418
gamma-Dodecalactone,58.427
"(3aR,4R,7R)-1,4,9,9-Tetramethyl-3,4,5,6,7,8-hexahydro-2H-3a,7-methanoazulen-2-one",58.435
Cyclotetradecane,58.45337
"(E)-5-((1R,3R,6S)-2,3-Dimethyltricyclo[2.2.1.02,6]heptan-3-yl)-2-methylpent-2-enal",58.465
"3-Heptadecene, (Z)-",58.516
"1-Naphthalenol, decahydro-1,4a-dimethyl-7-(1-methylethylidene)-, [1R-(1alpha,4abeta,8aalpha)]-",58.574
1-Tetradecanol,58.61744
"Tridecanoic acid, 12-methyl-, methyl ester",58.742
"Eudesma-4(15),7-dien-1beta -ol",58.74532
"2-Propenoic acid, 3-(4-methoxyphenyl)-, methyl ester",58.8362
alpha-Santalol,58.839
n-Hexyl salicylate,59.00027
"2,6,11-Dodecatrienal, 2,6-dimethyl-10-methylene-",59.075
"Decanoic acid, pentyl ester",59.10965
"8-Isopropyl-1,5-dimethyltricyclo[4.4.0.02,7]dec-4-en-3-one",59.181
Nerolidyl acetate,59.21903
Heptadecane,59.271
4-Methylpentyl 8-methylnon-6-enoate,59.334
3-Pentadecanone,59.359
"3-Buten-2-one, 4-(4-hydroxy-2,2,6-trimethyl-7-oxabicyclo[4.1.0]hept-1-yl)-",59.3831
1-Heptadecene,59.49248
"3,7-Cyclodecadien-1-one, 3,7-dimethyl-10-(1-methylethylidene)-, (E,E)-",59.54717
2-Hexadecanol,59.602
"Bergamotol, Z-alpha-trans-",59.643
"Hexanedioic acid, bis(2-methylpropyl) ester",59.65655
"2H-1,3,5-Thiadiazine-2-thione, tetrahydro-3,5-dimethyl-",59.70802
"6,10-Dodecadien-1-ol, 3,7,11-trimethyl-",59.71124
"6-Isopropenyl-4,8a-dimethyl-1,2,3,5,6,7,8,8a-octahydro-naphthalen-2-ol",59.76
"2,6,10-Dodecatrien-1-ol, 3,7,11-trimethyl-, (Z,E)-",59.76593
2-Pentadecanone,59.82062
"Benzene, 1,3,5-heptatriyn-1-yl-",60.007
Geranyl tiglate,60.01044
(Z)-alpha-Atlantone,60.104
Z-Butylidenephthalide,60.193
5-Methyl-2-(6-methylhept-5-en-2-yl)phenol,60.301
"2-Cyclohexen-1-one, 4-(3-hydroxybutyl)-3,5,5-trimethyl-",60.37242
beta-Santalol,60.414
"2,6,10-Dodecatrien-1-ol, 3,7,11-trimethyl-",60.45286
Pentadecanal-,60.5333
"(1S,4R,5S)-1-Methyl-4-(prop-1-en-2-yl)spiro[4.5]dec-7-ene-8-carbaldehyde",60.593
delta-Dodecalactone,60.69418
"Phenol, 4-(3-hydroxy-1-propenyl)-2-methoxy-",60.7344
"Hexanoic acid, 3,7-dimethyl-6-octenyl ester",60.77462
"2H-1-Benzopyran-2-one, 7-methoxy-",60.77462
trans-Farnesol,60.81484
"1-((1S,3aR,4R,7S,7aS)-4-Hydroxy-7-isopropyl-4-methyloctahydro-1H-inden-1-yl)ethanone",60.874
Methyl tetradecanoate,60.9355
"2,6,10-Dodecatrienal, 3,7,11-trimethyl-, (Z,E)-",61.01594
"(6R,7R)-Bisabolone",61.184
"Hexanoic acid, 3,7-dimethyl-2,6-octadienyl ester, (Z)-",61.21704
"2,6,10-Dodecatrienal, 3,7,11-trimethyl-, (E,E)-",61.3377
"(3S,3aR)-3-Butyl-3a,4,5,6-tetrahydroisobenzofuran-1(3H)-one",61.452
"7-Isopropenyl-1,4a-dimethyl-4,4a,5,6,7,8-hexahydro-3H-naphthalen-2-one",61.537
"Heptanoic acid, 2-phenylethyl ester",61.5388
"(Z)-3-Butylidene-4,5-dihydroisobenzofuran-1(3H)-one",61.565
3-Methyl-6-(6-methylhept-5-en-2-yl)cyclohex-2-enone,61.669
"2H-Pyran-3-ol, tetrahydro-2,2,6-trimethyl-6-(4-methyl-3-cyclohexen-1-yl)-, [3S-[3alpha,6alpha(R*)]]-",61.7399
"2,6,9,11-Dodecatetraenal, 2,6,10-trimethyl-, (E,E,E)-",61.981
"Phenol, 5-(1,5-dimethyl-4-hexenyl)-2-methyl-, (R)-",62.061
"Hexanoic acid, 3,7-dimethyl-2,6-octadienyl ester, (E)-",62.1421
"3,5-di-tert-Butyl-4-hydroxybenzaldehyde",62.348
"Lanceol, cis",62.356
"1H-3a,7-Methanoazulen-6-ol, octahydro-3,6,8,8-tetramethyl-, acetate, [3R-(3alpha,3abeta,6alpha,7beta,8aalpha)]-",62.42364
Benzyl Benzoate,62.42364
Ethyl p-methoxycinnamate,62.516
"Heptadecane, 2-methyl-",62.5443
Tetradecanoic acid,62.66496
"2-Propenoic acid, 3-(4-methoxyphenyl)-, methyl ester, (E)-",62.66496
Anthracene,62.678
"Azulene, 1,4-dimethyl-7-(1-methylethyl)-",62.6905
Phenanthrene,62.6905
n-Pentadecanol,63.06716
(E)-Atlantone,63.091
"Octanoic acid, octyl ester",63.10738
cis-9-Hexadecenal,63.1476
"Phenol, 2-(1-phenylethyl)-",63.247
gamma-Eudesmol acetate,63.316
n-Butyl laurate,63.38892
"alpha-Phellandrene, dimer",63.473
"Benzoic acid, octyl ester",63.63024
"7-Hexadecenal, (Z)-",63.637
"Decanoic acid, hexyl ester",63.67
1-Octadecene,63.67046
"Tetradecanoic acid, ethyl ester",63.71068
Octadecane,63.767
"Benzenesulfonamide, N-butyl-",63.79112
"Benzene, 1,1'-[1,2-ethanediylbis(oxy)]bis-",63.811
"1-Naphthalenol, 5,6,7,8-tetrahydro-2,5-dimethyl-8-(1-methylethyl)-",63.817
"9-Tetradecen-1-ol, acetate, (Z)-",63.952
1-Allyl-3-(2-(allylthio)propyl)trisulfane,63.987
Nootkatone,64.03088
1-Tetradecyl acetate,64.0506
Hexadecanal,64.11962
"2(3H)-Benzofuranone, 6-ethenylhexahydro-6-methyl-3-methylene-7-(1-methylethenyl)-, [3aS-(3aalpha,6alpha,7beta,7abeta)]-",64.135
"Pentadecanoic acid, methyl ester",64.1492
Isopropyl myristate,64.21822
Isoamyl laurate,64.27644
Caffeine,64.2971
Neophytadiene,64.31682
"2,6,10-Dodecatrien-1-ol, 3,7,11-trimethyl-, acetate, (E,E)-",64.327
"2-Pentadecanone, 6,10,14-trimethyl-",64.38584
"Cyclopentadecanone, 2-hydroxy-",64.40556
"Heptanoic acid, 3,7-dimethyl-2,6-octadienyl ester, (E)-",64.436
"Benzoic acid, 2-phenylethyl ester",64.50416
"Benzoic acid, 2-hydroxy-, phenylmethyl ester",64.565
"9-Hexadecen-1-ol, (Z)-",64.57318
"1,2-Benzenedicarboxylic acid, bis(2-methylpropyl) ester",64.578
Pentadecanoic acid,64.61262
Hexobarbital,64.62248
(E)-Hexadec-2-enal,64.72108
1-Hexadecanol,64.7408
"Pentadecanoic acid, 14-methyl-, methyl ester",64.77038
"8,11-Heptadecadienal, (8Z,11Z)-",64.79996
Nonadecane,64.848
Eicosane,64.854
1-Nonadecene,64.85912
"Pentadecanoic acid, ethyl ester",64.87884
"Isopimara-9(11),15-diene",64.892
"Tetradecanoic acid, propyl ester",64.89856
Bohlmann k2631,64.917
1-Pentadecanol acetate,64.939
2-Heptadecanone,64.96288
"5,9,13-Pentadecatrien-2-one, 6,10,14-trimethyl-, (E,E)-",65.002
"7,9-Di-tert-butyl-1-oxaspiro(4,5)deca-6,9-diene-2,8-dione",65.01
Oxacycloheptadecan-2-one,65.059
Verrucarol,65.071
"Hexadecanoic acid, methyl ester",65.09972
"7,10,13-Hexadecatrienoic acid, (Z,Z,Z)-",65.13585
"1,3,6,10-Cyclotetradecatetraene, 3,7,11-trimethyl-14-(1-methylethyl)-, [S-(E,Z,E,E)]-",65.18058
9-Hexadecenoic acid,65.19924
m-Camphorene,65.223
Isophytol,65.23656
Palmitoleic acid,65.25522
"(R,1E,5E,9E)-1,5,9-Trimethyl-12-(prop-1-en-2-yl)cyclotetradeca-1,5,9-triene",65.276
Geranyl caprylate,65.277
"Phenanthrene, 7-ethenyl-1,2,3,4,4a,4b,5,6,7,9,10,10a-dodecahydro-1,1,4a,7-tetramethyl-, [4aS-(4aalpha,4bbeta,7beta,10abeta)]-",65.287
Dibutyl phthalate,65.3423
2-Dodecen-1-yl(-)succinic anhydride,65.34852
n-Hexadecanoic acid,65.36096
"(E)-15,16-Dinorlabda-8(17),11-dien-13-one",65.436
"Dodecanoic acid, hexyl ester",65.45426
"2H-1-Benzopyran-2-one, 5,7-dimethoxy-",65.46048
Phenylethyl salicylate,65.47914
"1H-Naphtho[2,1-b]pyran, 3-ethenyldodecahydro-3,4a,7,7,10a-pentamethyl-, [3R-(3alpha,4abeta,6aalpha,10abeta,10balpha)]-",65.51024
"Hexadecanoic acid, ethyl ester",65.51646
1-Eicosene,65.52268
Methyl n-hexadecyl ketone,65.57952
"1-Hexadecanol, acetate",65.60392
"9-Octadecenal, (Z)-",65.6088
"2H-Furo[2,3-h]-1-benzopyran-2-one, 5-methoxy-",65.63808
Octadecanal,65.66248
Isopropyl palmitate,65.67224
"1,6,10,14-Hexadecatetraen-3-ol, 3,7,11,15-tetramethyl-, (E,E)-",65.72592
Kaur-16-ene,65.76008
"9,12-Octadecadien-1-ol, (Z,Z)-",65.804
"Phenanthrene, 1,2,3,4,4a,9,10,10a-octahydro-1,1,4a-trimethyl-7-(1-methylethyl)-, (4aS-trans)-",65.82352
"7H-Furo[3,2-g][1]benzopyran-7-one, 4-methoxy-",65.86256
Heptadecanoic acid,65.90648
1-Octadecanol,65.96016
Henicos-1-ene,65.99432
"Hexadecanoic acid, propyl ester",66.00408
"9-Octadecenoic acid (Z)-, methyl ester",66.00408
"9,12-Octadecadienoic acid (Z,Z)-, methyl ester",66.00896
"9,12,15-Octadecatrienoic acid, methyl ester, (Z,Z,Z)-",66.03824
2-Nonadecanone,66.06752
Phytol,66.11632
Methyl stearate,66.18464
"9,12-Octadecadienoic acid (Z,Z)-",66.20904
"9,12,15-Octadecatrienoic acid, (Z,Z,Z)-",66.23832
Oleic Acid,66.24808
Osthole,66.26272
Linoleic acid ethyl ester,66.35056
"9,12,15-Octadecatrienoic acid, ethyl ester, (Z,Z,Z)-",66.38472
Octadecanoic acid,66.39936
"Octadecanoic acid, ethyl ester",66.5116
Acetic acid n-octadecyl ester,66.57504
"7H-Furo[3,2-g][1]benzopyran-7-one, 4,9-dimethoxy-",66.7068
"Octadecane, 1-iodo-",66.7312
Heptacosane,66.77
Isoauraptene,66.77024
"(S)-8-((3,3-Dimethyloxiran-2-yl)methyl)-7-methoxy-2H-chromen-2-one",66.81904
2-Ethylhexyl trans-4-methoxycinnamate,66.88
1-Tricosene,66.98008
Eicosanoic acid,67.3412
Octacosane,67.4
"9-Octadecenamide, (Z)-",67.44368
"Hexanedioic acid, bis(2-ethylhexyl) ester",67.50224
"8-(2,3-Dihydroxy-3-methylbutyl)-7-methoxy-2H-chromen-2-one",67.70232
"Hexadecanoic acid, 2-hydroxy-1-(hydroxymethyl)ethyl ester",67.99024
Oxypeucedanin,68.00488
"Octanoic acid, hexadecyl ester",68.37088
1-Hexacosene,68.45384
"Cyclononasiloxane, octadecamethyl-",68.516
"2H-1-Benzopyran-2-one, 7-[(3,7-dimethyl-2,6-octadienyl)oxy]-, (E)-",68.65392
"(R)-9-((3,3-Dimethyl-2-oxiranyl)methoxy)-4-methoxyfuro(3,2-g)chromen-7-one",68.83936
gamma-Sitosterol,69
Stigmasterol,69
17alpha-Hydroxypregnenolone,69
"Tetracosanoic acid, methyl ester",69.11264
"4-(2,3-Dihydroxy-3-methylbutoxy)furo(3,2-g)chromen-7-one",69.2932
Epoxyaurapten,69.33712
Squalene,69.62016
"(R)-9-(2,3-Dihydroxy-3-methylbutoxy)-4-methoxy-7H-furo(3,2-g)(1)benzopyran-7-one",70.03008
Campesterol,71.07928
"4',5,6,7,8-Pentamethoxyflavone",71.37208
beta-Sitosterol,71.416
"4H-1-Benzopyran-4-one, 5,6,7-trimethoxy-2-(4-methoxyphenyl)-",71.65512
"2-(3,4-Dimethoxyphenyl)-5-hydroxy-6,7,8-trimethoxy-4H-chromen-4-one",72.1724
"3',4',5,6,7,8-Hexamethoxyflavone",72.32368
